,Title,Type,Year,Engine Size,Hand,Date Added,Price
0,יקאסאוואק Versys 650 ,ישומישוד,2014,650,4,29/10/2019,"24,000₪"
1,יקאסאוואק KX ,סורקוטומ,2009,450,5,29/10/2019,"14,000₪"
2,יקוזוס DL650 םורטס-יו ,ישומישוד,2016,650,2,28/10/2019,"43,500₪"
3,וו.מ.ב רחא ,ישומישוד,2018,300,1,28/10/2019,"32,000₪"
4,יקאסאוואק Versys 1000 ,שיבכ/טרופס,2013,"1,000",1,28/10/2019,"44,000₪"
5,הדנוה CB1000R ,שיבכ/טרופס,2009,"1,000",3,28/10/2019,"28,500₪"
6,ילרה ןוסדיוויד רחא ,םוטסק,2018,"1,200",1,28/10/2019,"75,000₪"
7,יקאסאוואק ZX-10R Ninja ,שיבכ/טרופס,2017,"1,000",1,28/10/2019,"85,000₪"
8,מ.ט.ק EXC 250 ,ישומישוד,2018,250,1,28/10/2019,"42,000₪"
9,ההאמי XTZ660 הרנט ,ישומישוד,2017,700,1,28/10/2019,"43,500₪"
10,הדנוה CBR250R ,ישומישוד,2012,250,3,28/10/2019,"8,000₪"
11,יקאסאוואק EN500 ,םוטסק,2005,500,4,28/10/2019,"16,000₪"
12,יטאקוד דראטומרפיה 821 ,שיבכ/טרופס,2015,850,2,28/10/2019,"39,900₪"
13,ההאמי WR250F ,סורקוטומ,2010,250,5,28/10/2019,"24,000₪"
14,וקרש SE 125 2T Racing ,סורקוטומ,2019,125,1,28/10/2019,"43,999₪"
15,יטאקוד 1098 ,שיבכ/טרופס,2010,"1,100",4,28/10/2019,None
16,יקאסאוואק Z800R ,שיבכ/טרופס,2016,800,3,28/10/2019,"30,000₪"
17,יקוזוס DRZ400S ,ישומישוד,2016,400,4,28/10/2019,"26,500₪"
18,יקאסאוואק Versys 1000 ,שיבכ/טרופס,2018,"1,000",1,28/10/2019,None
19,מ.ט.ק ר'צנוודא 1190 ,ישומישוד,2014,"1,200",2,28/10/2019,"61,000₪"
20,יקאסאוואק Z900 ,שיבכ/טרופס,2018,900,0,29/10/2019,"59,999₪"
21,יקאסאוואק KX ,סורקוטומ,2019,450,0,29/10/2019,"32,000₪"
22,ההאמי WR125R ,ישומישוד,2015,125,5,29/10/2019,"13,500₪"
23,יקאסאוואק Z300 ,שיבכ/טרופס,2015,300,2,29/10/2019,"17,500₪"
24,ההאמי MT 09 ,שיבכ/טרופס,2015,850,3,29/10/2019,None
25,מ.ט.ק קויד 250 ,שיבכ/טרופס,2019,250,2,29/10/2019,"17,999₪"
26,יקאסאוואק KLX250S ,ישומישוד,2017,250,1,29/10/2019,"19,900₪"
27,ההאמי MT 09 TRACER ,שיבכ/טרופס,2019,900,0,29/10/2019,"79,985₪"
28,ההאמי MT-10 ,שיבכ/טרופס,2019,"1,000",0,29/10/2019,"95,985₪"
29,יטאקוד רטסנומ 1200 ,שיבכ/טרופס,2015,"1,200",3,29/10/2019,None
30,יקאסאוואק Z900 ,שיבכ/טרופס,2019,900,0,29/10/2019,"59,985₪"
31,הדנוה CRF1000L הקירפא ןיווט ,שיבכ/טרופס,2019,"1,000",1,29/10/2019,"87,000₪"
32,הילירפא רביש 900 ,שיבכ/טרופס,2018,900,1,29/10/2019,"57,500₪"
33,ההאמי MT 09 TRACER ,שיבכ/טרופס,2015,900,1,29/10/2019,"43,600₪"
34,הדנוה CB1000R ,שיבכ/טרופס,2015,"1,000",2,29/10/2019,"51,000₪"
35,יטאקוד הדרטסיטלומ 1200S ,ישומישוד,2011,"1,200",3,29/10/2019,None
36,יקאסאוואק ZZR1400 ,שיבכ/טרופס,2009,"1,400",3,29/10/2019,None
37,פמוטס Z2-140-R ,סורקוטומ,2018,150,1,29/10/2019,"9,900₪"
38,ינימ קייב CRZ ,סורקוטומ,2019,70,1,29/10/2019,"6,900₪"
39,ההאמי XTZ750 הרנט-רפוס ,ישומישוד,1993,750,10+,29/10/2019,"19,900₪"
40,יקאסאוואק Versys 650 ,ישומישוד,2014,650,4,29/10/2019,"24,000₪"
41,יקאסאוואק KX ,סורקוטומ,2009,450,5,29/10/2019,"14,000₪"
42,יקאסאוואק ה'גנינ 300 ,שיבכ/טרופס,2017,300,1,28/10/2019,"25,500₪"
43,הדנוה CB650R ,שיבכ/טרופס,2019,650,2,28/10/2019,None
44,הדנוה NC750X ,ישומישוד,2019,750,1,28/10/2019,"10,000₪"
45,הדנוה CB500S ,שיבכ/טרופס,2002,500,7,28/10/2019,"7,500₪"
46,יטאקוד לבמרקס קיסאלק ,םוטסק,2015,800,3,28/10/2019,None
47,מ.ט.ק EXC 125 ,סורקוטומ,2014,125,7,28/10/2019,"26,000₪"
48,ההאמי YZF-R1 ,שיבכ/טרופס,2014,"1,000",5,28/10/2019,"65,000₪"
49,מ.ט.ק EXC 500 ,סורקוטומ,2016,500,3,28/10/2019,"39,900₪"
50,יקוזוס רחא ,סורקוטומ,2016,450,4,28/10/2019,None
51,ההאמי YZF-R3 ,שיבכ/טרופס,2016,300,3,28/10/2019,"22,500₪"
52,יקאסאוואק ה'גנינ 400 ,שיבכ/טרופס,2018,400,2,28/10/2019,"35,500₪"
53,הדנוה CRF250L ,ישומישוד,2017,250,2,28/10/2019,"18,500₪"
54,מ.ט.ק RC390 ,שיבכ/טרופס,2018,400,1,28/10/2019,"26,000₪"
55,ההאמי MT 07 ,שיבכ/טרופס,2016,700,2,28/10/2019,"38,000₪"
56,מ.ט.ק EXC 125 ,ישומישוד,2008,125,10+,28/10/2019,"18,000₪"
57,ההאמי MT 09 ,שיבכ/טרופס,2019,900,1,28/10/2019,"61,000₪"
58,מ.ט.ק קויד 250 ,שיבכ/טרופס,2017,250,2,28/10/2019,"12,999₪"
59,ילרה ןוסדיוויד Street-Rod 1130 ,שיבכ/טרופס,2018,750,1,28/10/2019,"60,000₪"
60,יקאסאוואק Z900 ,שיבכ/טרופס,2019,900,0,29/10/2019,"59,985₪"
61,יקאסאוואק Versys-X 300 ,שיבכ/טרופס,2019,300,0,29/10/2019,"30,985₪"
62,ההאמי MT 09 TRACER ,שיבכ/טרופס,2019,900,0,29/10/2019,"79,985₪"
63,ההאמי MT-10 ,שיבכ/טרופס,2019,"1,000",0,29/10/2019,"95,985₪"
64,ההאמי YZF-R1 ,שיבכ/טרופס,2019,"1,000",2,29/10/2019,None
65,הדנוה CRF1000L הקירפא ןיווט ,שיבכ/טרופס,2019,"1,000",1,29/10/2019,"87,000₪"
66,וו.מ.ב S1000RR ,שיבכ/טרופס,2016,"1,000",1,29/10/2019,"104,000₪"
67,ההאמי XTZ660 הרנט ,ישומישוד,2015,650,1,29/10/2019,"31,000₪"
68,הנרווקסוה TE300 ,ישומישוד,2019,300,1,29/10/2019,None
69,ילנב TNT300 ,שיבכ/טרופס,2016,300,3,29/10/2019,"16,000₪"
70,יקאסאוואק Vulcan S ,םוטסק,2017,650,1,29/10/2019,"32,000₪"
71,ההאמי MT125 ,שיבכ/טרופס,2019,125,1,29/10/2019,"22,500₪"
72,יקאסאוואק NINJA 650 ,שיבכ/טרופס,2017,650,1,29/10/2019,"37,000₪"
73,ההאמי V-Max 1700 ,שיבכ/טרופס,2012,"1,800",2,29/10/2019,None
74,יקאסאוואק Z900 ,שיבכ/טרופס,2018,900,2,29/10/2019,"49,900₪"
75,מ.ט.ק EXC 250 ,ישומישוד,2016,250,1,29/10/2019,"34,200₪"
76,ההאמי MT-10 ,שיבכ/טרופס,2017,"1,000",3,29/10/2019,None
77,ההאמי XTZ660 הרנט ,ישומישוד,2017,700,1,29/10/2019,"31,999₪"
78,ההאמי YZ ,סורקוטומ,2019,70,1,29/10/2019,"20,000₪"
79,MV Agusta Turismo Veloce 800 ,שיבכ/טרופס,2016,800,1,29/10/2019,None
80,מ.ט.ק EXC-F 350 ,סורקוטומ,2015,350,3,28/10/2019,"38,000₪"
81,הדנוה NC700X ,שיבכ/טרופס,2012,700,2,28/10/2019,"20,000₪"
82,מ.ט.ק EXC 450 גניסייר ,ישומישוד,2014,450,3,28/10/2019,"30,000₪"
83,יקאסאוואק Versys 650 ,ישומישוד,2018,650,1,28/10/2019,None
84,ההאמי WR250R ,ישומישוד,2017,250,2,28/10/2019,"25,000₪"
85,מ.ט.ק קויד 250 ,שיבכ/טרופס,2019,250,1,28/10/2019,"18,800₪"
86,ההאמי YZF-R1 ,שיבכ/טרופס,2018,"1,000",3,28/10/2019,"105,000₪"
87,יקוזוס DL1000 םורטס-יו ,ישומישוד,2008,"1,000",2,28/10/2019,"22,000₪"
88,"וו.מ.ב R1200GS ר""צנוודא ",ישומישוד,2018,"1,200",3,28/10/2019,None
89,ההאמי MT 07 ,שיבכ/טרופס,2018,700,2,28/10/2019,"49,000₪"
90,ההאמי XT125R ,ישומישוד,2007,125,3,28/10/2019,"5,642₪"
91,TM Racing EN 250 ,סורקוטומ,2018,250,1,28/10/2019,"40,000₪"
92,וו.מ.ב רחא ,ישומישוד,2019,300,2,28/10/2019,"36,000₪"
93,יקוזוס DL650 םורטס-יו ,ישומישוד,2010,650,2,28/10/2019,"28,500₪"
94,יקוזוס DRZ400SM ,ישומישוד,2009,400,8,28/10/2019,"16,000₪"
95,יקוזוס המוזניא 250 ,שיבכ/טרופס,2015,250,4,28/10/2019,"15,300₪"
96,יקוזוס SV650N ,שיבכ/טרופס,2018,650,1,28/10/2019,"35,000₪"
97,ההאמי YZ ,סורקוטומ,2012,100,2,28/10/2019,"13,500₪"
98,ילרה ןוסדיוויד לייטפוס טיינ ןיירט 1340 ,םוטסק,1993,"1,350",4,28/10/2019,"85,000₪"
99,סאג-סאג EC250 ,ישומישוד,2018,250,2,28/10/2019,"32,000₪"
100,יטאקוד הדרטסיטלומ 1200S ,ישומישוד,2011,"1,200",3,29/10/2019,None
101,יצוגוטומ הינרופילק 1400 ,םוטסק,2018,"1,400",1,29/10/2019,None
102,יקאסאוואק ZZR1400 ,שיבכ/טרופס,2009,"1,400",3,29/10/2019,None
103,פמוטס Z2-140-R ,סורקוטומ,2018,150,1,29/10/2019,"9,900₪"
104,ינימ קייב CRZ ,סורקוטומ,2019,70,1,29/10/2019,"6,900₪"
105,ההאמי XTZ750 הרנט-רפוס ,ישומישוד,1993,750,10+,29/10/2019,"19,900₪"
106,יקאסאוואק רחא ,שיבכ/טרופס,2019,"1,200",1,29/10/2019,"139,900₪"
107,הדנוה NC750X ,ישומישוד,2015,750,2,29/10/2019,"29,900₪"
108,ההאמי WR400/426/450F ,סורקוטומ,2018,450,3,29/10/2019,"41,999₪"
109,ההאמי MT 07 ,שיבכ/טרופס,2019,700,1,29/10/2019,"51,985₪"
110,יטאקוד רטייפטירטס ,שיבכ/טרופס,2015,850,1,29/10/2019,None
111,ההאמי MT 09 ,שיבכ/טרופס,2015,900,5,29/10/2019,"38,000₪"
112,יקוזוס GSX-S1000 ,שיבכ/טרופס,2019,"1,000",1,29/10/2019,"87,999₪"
113,מ.ט.ק 250 EXC-F ,ישומישוד,2018,250,1,29/10/2019,"51,400₪"
114,קיטנאפ ורלבק ,שיבכ/טרופס,2019,450,1,29/10/2019,"39,900₪"
115,מ.ט.ק ר'צנוודא 1190 ,ישומישוד,2014,"1,200",5,29/10/2019,"62,000₪"
116,הדנוה GL1800 גניוו-דלוג ,םוטסק,1988,"1,500",1,29/10/2019,None
117,מ.ט.ק EXC 250 ,ישומישוד,2017,250,2,29/10/2019,"43,000₪"
118,יקאסאוואק Z900 ,שיבכ/טרופס,2019,900,0,29/10/2019,"59,985₪"
119,יקאסאוואק NINJA 650 ,שיבכ/טרופס,2019,650,0,29/10/2019,"45,985₪"
120,מ.ט.ק SX 85 ,סורקוטומ,2017,100,1,28/10/2019,"16,500₪"
121,הדנוה CBR650R ,שיבכ/טרופס,2019,650,1,28/10/2019,"65,000₪"
122,מ.ט.ק קויד 690R ,שיבכ/טרופס,2017,700,1,28/10/2019,"36,000₪"
123,יקוזוס GSR750 ,שיבכ/טרופס,2013,750,3,28/10/2019,"28,000₪"
124,MV Agusta F3 675 ,שיבכ/טרופס,2016,600,1,28/10/2019,"85,000₪"
125,יקאסאוואק KLX450R ,סורקוטומ,2017,450,1,28/10/2019,None
126,יקוזוס GSX-R1000 ,שיבכ/טרופס,2008,"1,000",3,28/10/2019,"55,000₪"
127,מ.ט.ק קויד 690 ,שיבכ/טרופס,2013,700,5,28/10/2019,"19,000₪"
128,םילאיד Roadwin 250 ,שיבכ/טרופס,2015,250,4,28/10/2019,"7,700₪"
129,אטב RR 125 ,ישומישוד,2018,125,2,28/10/2019,"14,000₪"
130,ההאמי MT 09 ,שיבכ/טרופס,2015,900,2,28/10/2019,"40,000₪"
131,יקאסאוואק Z900 ,שיבכ/טרופס,2018,900,1,28/10/2019,"53,000₪"
132,וקמיק ןונאווק 125 ,ישומישוד,2012,125,5,28/10/2019,"3,500₪"
133,יקאסאוואק Versys 650 ,ישומישוד,2009,650,5,28/10/2019,"15,000₪"
134,יקאסאוואק ZX-10R Ninja ,שיבכ/טרופס,2015,"1,000",4,28/10/2019,"74,000₪"
135,יקוזוס DL650 םורטס-יו ,ישומישוד,2017,650,2,28/10/2019,"42,500₪"
136,ילנב TRK502 ,ישומישוד,2019,500,2,28/10/2019,"38,000₪"
137,יקאסאוואק NINJA 650 ,שיבכ/טרופס,2019,650,1,28/10/2019,"40,000₪"
138,יקוזוס DRZ400S ,ישומישוד,2016,400,2,28/10/2019,"27,000₪"
139,הדנוה CRF250X ,ישומישוד,2017,250,2,28/10/2019,"33,000₪"
140,יקאסאוואק NINJA 650 ,שיבכ/טרופס,2019,650,1,29/10/2019,"44,999₪"
141,מ.ט.ק EXC 250 ,ישומישוד,2017,250,2,29/10/2019,"43,000₪"
142,ההאמי MT 09 TRACER ,שיבכ/טרופס,2019,900,0,29/10/2019,"74,985₪"
143,יקאסאוואק ZX-10R Ninja ,שיבכ/טרופס,2019,"1,000",1,29/10/2019,"149,900₪"
144,הדנוה CB1000R ,שיבכ/טרופס,2018,"1,000",1,29/10/2019,"83,000₪"
145,יקאסאוואק רחא ,שיבכ/טרופס,2019,"1,000",1,29/10/2019,"224,999₪"
146,יקאסאוואק Z900 ,שיבכ/טרופס,2018,900,0,29/10/2019,"59,999₪"
147,הדנוה CRF250 RALLY ,ישומישוד,2018,250,4,29/10/2019,"25,900₪"
148,הדנוה CRF1000L הקירפא ןיווט ,ישומישוד,2018,"1,000",1,29/10/2019,"74,999₪"
149,וו.מ.ב רחא ,ישומישוד,2019,300,2,29/10/2019,"31,900₪"
150,יקאסאוואק Z650 abs ,שיבכ/טרופס,2017,650,2,29/10/2019,"25,999₪"
151,הדנוה CRF1000L הקירפא ןיווט ,ישומישוד,2017,"1,000",1,29/10/2019,"70,000₪"
152,יקוזוס םורטס-יו 250 ,ישומישוד,2019,250,2,29/10/2019,"24,000₪"
153,מ.ט.ק 250 EXC-F ,ישומישוד,2015,250,3,29/10/2019,"37,000₪"
154,מ.ט.ק קויד 250 ,שיבכ/טרופס,2019,250,2,29/10/2019,"17,999₪"
155,יקאסאוואק Z400 ,שיבכ/טרופס,2019,400,1,29/10/2019,None
156,הדנוה CBR650F ,שיבכ/טרופס,2018,650,1,29/10/2019,"48,000₪"
157,ההאמי MT-10 ,שיבכ/טרופס,2019,"1,000",0,29/10/2019,"95,985₪"
158,ההאמי YZF-R1 ,שיבכ/טרופס,2019,"1,000",2,29/10/2019,None
159,יטאקוד רטסנומ 1200 ,שיבכ/טרופס,2015,"1,200",3,29/10/2019,None
160,יקאסאוואק EN500 ,םוטסק,2004,500,4,28/10/2019,"25,000₪"
161,יטאקוד הדרטסיטלומ 950 ,שיבכ/טרופס,2018,"1,000",1,28/10/2019,"90,000₪"
162,יקאסאוואק KX ,סורקוטומ,2015,450,2,28/10/2019,None
163,הדנוה פלאסנרט 650 ,ישומישוד,2004,650,5,28/10/2019,"10,000₪"
164,יקאסאוואק Versys 650 ,ישומישוד,2017,650,1,28/10/2019,"42,000₪"
165,ההאמי MT 07 ,שיבכ/טרופס,2016,700,2,28/10/2019,"42,000₪"
166,ןאס גנאי יו'ג סקמ טרופס 250 ,שיבכ/טרופס,2016,250,3,28/10/2019,"14,000₪"
167,ההאמי WR400/426/450F ,ישומישוד,2009,450,5,28/10/2019,"20,000₪"
168,הדנוה CB500X ,ישומישוד,2019,500,2,28/10/2019,"44,500₪"
169,יקאסאוואק Z250 ,שיבכ/טרופס,2017,250,3,28/10/2019,"14,500₪"
170,הדנוה פלאסנרט 700 ,ישומישוד,2009,700,4,28/10/2019,"20,000₪"
171,וו.מ.ב רחא ,שיבכ/טרופס,2018,300,1,28/10/2019,"24,000₪"
172,הדנוה CRF250L ,ישומישוד,2015,250,3,28/10/2019,"17,000₪"
173,ילרה ןוסדיוויד הרטקלא דיילג 1340 ,םוטסק,1983,"1,350",3,28/10/2019,None
174,וקרש SE 250R-2T Factory ,ישומישוד,2017,250,1,28/10/2019,"33,000₪"
175,ההאמי XTZ660 הרנט ,ישומישוד,2014,650,3,28/10/2019,"30,000₪"
176,מ.ט.ק EXC 125 ,ישומישוד,2013,125,3,28/10/2019,"22,000₪"
177,הדנוה CBR250R ,שיבכ/טרופס,2014,250,4,28/10/2019,"5,555₪"
178,הדנוה CB125R ,שיבכ/טרופס,2016,125,2,28/10/2019,None
179,יקוזוס DRZ400S ,ישומישוד,2008,400,10+,28/10/2019,"12,500₪"
180,הנרווקסוה 701 ורודנא ,ישומישוד,2018,700,2,29/10/2019,"46,500₪"
181,הדנוה CBR300 ,שיבכ/טרופס,2019,300,1,29/10/2019,"28,000₪"
182,יקאסאוואק Versys 1000 ,שיבכ/טרופס,2015,"1,000",4,29/10/2019,None
183,הילירפא רביש 900 ,שיבכ/טרופס,2018,900,1,29/10/2019,"57,500₪"
184,יקוזוס DL650 םורטס-יו ,ישומישוד,2018,650,1,29/10/2019,"51,000₪"
185,יקאסאוואק Versys 1000 ,ישומישוד,2013,"1,000",1,29/10/2019,"47,000₪"
186,ההאמי XTZ660 הרנט ,ישומישוד,2015,650,4,29/10/2019,"27,999₪"
187,ההאמי YZF600R טאקרדנא'ת ,שיבכ/טרופס,1997,600,5,29/10/2019,None
188,ההאמי MT 09 TRACER ,שיבכ/טרופס,2015,900,1,29/10/2019,"43,600₪"
189,יקאסאוואק VN900 קיסאלק ,םוטסק,2009,900,1,29/10/2019,"30,000₪"
190,הדנוה CB1000R ,שיבכ/טרופס,2015,"1,000",2,29/10/2019,"51,000₪"
191,ההאמי YZF-R6 ,שיבכ/טרופס,2019,600,2,29/10/2019,None
192,יקאסאוואק Z650 ,שיבכ/טרופס,2018,650,1,29/10/2019,"41,999₪"
193,ההאמי MT 07 ,שיבכ/טרופס,2019,700,0,29/10/2019,"56,985₪"
194,ההאמי MT-07 TRACER ,ישומישוד,2018,700,1,29/10/2019,"46,000₪"
195,יקאסאוואק Z900 ,שיבכ/טרופס,2018,900,1,29/10/2019,"49,000₪"
196,יקאסאוואק ER-6F ,שיבכ/טרופס,2013,650,3,29/10/2019,"20,000₪"
197,יקוזוס DRZ400S ,ישומישוד,2016,400,1,29/10/2019,"26,000₪"
198,יקוזוס DL1000 םורטס-יו ,ישומישוד,2016,"1,000",2,29/10/2019,"51,000₪"
199,יקאסאוואק Z900 ,שיבכ/טרופס,2019,900,0,29/10/2019,"62,985₪"
200,הדנוה CRF250R ,סורקוטומ,2015,250,2,28/10/2019,None
201,הדנוה CB500X ,ישומישוד,2017,500,3,28/10/2019,"32,500₪"
202,יקאסאוואק KLE500 ,ישומישוד,2001,500,7,28/10/2019,"9,000₪"
203,יקאסאוואק ה'גנינ 400 ,שיבכ/טרופס,2019,400,1,28/10/2019,"36,000₪"
204,מ.ט.ק EXC 250 ,ישומישוד,2008,250,7,28/10/2019,"17,500₪"
205,יקוזוס C800 רדורטניא ,םוטסק,1996,800,4,28/10/2019,"20,000₪"
206,הנרווקסוה TE250 ,ישומישוד,2017,250,3,28/10/2019,"40,000₪"
207,AJP PR3 125 Enduro Pro ,ישומישוד,2014,125,4,28/10/2019,"12,000₪"
208,ההאמי MT 07 ,שיבכ/טרופס,2019,700,1,28/10/2019,None
209,וו.מ.ב S1000RR ,שיבכ/טרופס,2014,"1,000",1,28/10/2019,None
210,סאג-סאג EC250F ,ישומישוד,2015,250,2,28/10/2019,"26,000₪"
211,יקאסאוואק KLE500 ,ישומישוד,2006,500,4,28/10/2019,"13,000₪"
212,יקאסאוואק ה'גנינ 400 ,שיבכ/טרופס,2018,400,2,28/10/2019,"38,000₪"
213,יקוזוס טידנב 400 ,ישומישוד,2011,400,2,28/10/2019,"7,500₪"
214,מ.ט.ק 250 EXC-F ,ישומישוד,2012,250,5,28/10/2019,None
215,ההאמי MT-10 ,שיבכ/טרופס,2018,"1,000",1,28/10/2019,None
216,אטב RR300 ,ישומישוד,2019,300,1,28/10/2019,"47,000₪"
217,הנרווקסוה רחא ,סורקוטומ,2018,350,1,28/10/2019,"35,000₪"
218,ןאס גנאי יו'ג סקמ טרופס 125 ,שיבכ/טרופס,2016,125,1,28/10/2019,"14,000₪"
219,יקאסאוואק Z400 ,ישומישוד,2019,400,1,28/10/2019,"36,000₪"
220,יקאסאוואק Vulcan S ,םוטסק,2019,650,1,29/10/2019,"51,999₪"
221,הדנוה CBR500R ,שיבכ/טרופס,2019,500,1,29/10/2019,"45,000₪"
222,יקאסאוואק Z1000SX ,שיבכ/טרופס,2019,"1,000",0,29/10/2019,"84,985₪"
223,ינימ קייב יללכ ,סורקוטומ,2019,100,0,29/10/2019,"7,000₪"
224,UM Renegade Sport S 125 ,םוטסק,2019,125,1,29/10/2019,"14,900₪"
225,מ.ט.ק קויד-רפוס 1290GT ,שיבכ/טרופס,2017,"1,250",2,29/10/2019,None
226,הדנוה CBR650F ,שיבכ/טרופס,2015,650,3,29/10/2019,"33,500₪"
227,מ.ט.ק 250 EXC-F ,ישומישוד,2019,250,1,29/10/2019,"59,500₪"
228,ההאמי MT 09 ,שיבכ/טרופס,2019,900,1,29/10/2019,None
229,יקאסאוואק NINJA 650 ,שיבכ/טרופס,2019,650,1,29/10/2019,"41,000₪"
230,הדנוה CRF250M ,ישומישוד,2014,250,1,29/10/2019,"17,500₪"
231,אטב RR 125 ,ישומישוד,2019,125,1,29/10/2019,"40,000₪"
232,מ.ט.ק EXC-F 350 ,ישומישוד,2017,350,2,29/10/2019,"45,000₪"
233,ההאמי MT 09 TRACER ,שיבכ/טרופס,2019,900,0,29/10/2019,"74,985₪"
234,מ.ט.ק EXC 450 גניסייר ,ישומישוד,2018,450,1,29/10/2019,"47,000₪"
235,ההאמי MT-01 ,שיבכ/טרופס,2019,125,1,29/10/2019,"21,000₪"
236,מ.ט.ק קויד 690R ,שיבכ/טרופס,2013,700,5,29/10/2019,None
237,הדנוה CB500F ,שיבכ/טרופס,2015,500,1,29/10/2019,"24,000₪"
238,MV Agusta Brutale 1090 ,שיבכ/טרופס,2016,"1,100",1,29/10/2019,"70,000₪"
239,MV Agusta Sterabale 800 ,שיבכ/טרופס,2016,800,1,29/10/2019,None
240,יקוזוס GSX-R1000 ,שיבכ/טרופס,2009,"1,000",4,28/10/2019,"62,000₪"
241,יקוזוס DRZ400S ,ישומישוד,2016,400,3,28/10/2019,"26,300₪"
242,יקאסאוואק EN500 ,םוטסק,2004,500,3,28/10/2019,"18,750₪"
243,מ.ט.ק 250 EXC-F ,ישומישוד,2016,250,3,28/10/2019,"36,000₪"
244,הדנוה VT750C ודאש ,םוטסק,2009,750,6,28/10/2019,"38,000₪"
245,מ.ט.ק RC390 ,ישומישוד,2018,400,1,28/10/2019,None
246,ההאמי MT 07 ,שיבכ/טרופס,2019,700,1,28/10/2019,None
247,ההאמי רחא ,םוטסק,2012,400,1,28/10/2019,None
248,מ.ט.ק EXC 500 ,ישומישוד,2017,500,1,28/10/2019,None
249,הדנוה CRF250L ,ישומישוד,2016,250,3,28/10/2019,"22,000₪"
250,ההאמי MT 09 ,שיבכ/טרופס,2016,900,2,28/10/2019,"49,000₪"
251,מ.ט.ק קויד 390 ,שיבכ/טרופס,2016,400,3,28/10/2019,"18,000₪"
252,יקוזוס DR650R/RE/SE ,ישומישוד,2017,650,1,28/10/2019,"28,500₪"
253,מ.ט.ק EXC-F 350 ,ישומישוד,2012,350,4,28/10/2019,"19,000₪"
254,מ.ט.ק קויד 690 ,שיבכ/טרופס,2016,700,4,28/10/2019,"30,000₪"
255,יקאסאוואק KLX250R ,ישומישוד,2017,250,2,28/10/2019,"21,000₪"
256,הדנוה XR250L ,ישומישוד,1996,250,3,28/10/2019,None
257,גנאסוי GT125R טמוק ,ישומישוד,2013,125,2,28/10/2019,"8,000₪"
258,ההאמי YZF250 ,סורקוטומ,2015,250,4,28/10/2019,"16,000₪"
259,וו.מ.ב F700GS ,שיבכ/טרופס,2012,800,2,28/10/2019,"33,000₪"
260,ההאמי YZF-R125 ,שיבכ/טרופס,2015,125,2,29/10/2019,"16,000₪"
261,MV Agusta Brutale 1090 ,שיבכ/טרופס,2016,"1,100",1,29/10/2019,"70,000₪"
262,MV Agusta Sterabale 800 ,שיבכ/טרופס,2016,800,1,29/10/2019,None
263,ההאמי V-Max 1700 ,שיבכ/טרופס,2014,"1,800",4,29/10/2019,None
264,הדנוה VT750C ודאש ,םוטסק,2018,750,1,29/10/2019,"69,000₪"
265,ינימ קייב CRZ ,סורקוטומ,2019,70,1,29/10/2019,"9,900₪"
266,מ.ט.ק רפוס ר'צנוודא 1290 ,ישומישוד,2017,"1,200",2,29/10/2019,"88,000₪"
267,יקאסאוואק רחא ,שיבכ/טרופס,2019,900,1,29/10/2019,None
268,יקאסאוואק ה'גנינ 250R ,שיבכ/טרופס,2016,250,3,29/10/2019,"15,000₪"
269,ההאמי MT 07 ,שיבכ/טרופס,2015,700,6,29/10/2019,None
270,הדנוה VFR1200X ,ישומישוד,2015,"1,200",3,29/10/2019,"72,000₪"
271,ההאמי MT 09 ,שיבכ/טרופס,2019,900,1,29/10/2019,None
272,יקאסאוואק ZX-636R/6R ,שיבכ/טרופס,2019,600,0,29/10/2019,"89,985₪"
273,יקאסאוואק ה'גנינ 400 ,שיבכ/טרופס,2019,400,0,29/10/2019,"42,985₪"
274,ההאמי MT-07 TRACER ,ישומישוד,2018,700,1,29/10/2019,"46,000₪"
275,יקוזוס DL1000 םורטס-יו ,ישומישוד,2016,"1,000",2,29/10/2019,"51,000₪"
276,יקאסאוואק Z900 ,שיבכ/טרופס,2019,900,0,29/10/2019,"62,985₪"
277,יקאסאוואק Vulcan S ,םוטסק,2019,650,1,29/10/2019,"51,999₪"
278,הדנוה CBR500R ,שיבכ/טרופס,2019,500,1,29/10/2019,"45,000₪"
279,ינימ קייב יללכ ,סורקוטומ,2019,100,0,29/10/2019,"7,000₪"
280,יקוזוס המוזניא 250 ,שיבכ/טרופס,2016,250,3,28/10/2019,"17,000₪"
281,יקאסאוואק Versys 650 ,ישומישוד,2018,650,2,28/10/2019,"39,500₪"
282,יקאסאוואק Versys 650 ,ישומישוד,2011,650,1,28/10/2019,"24,000₪"
283,הדנוה NC700X ,שיבכ/טרופס,2012,700,5,28/10/2019,"21,000₪"
284,יקוזוס DRZ400S ,ישומישוד,2017,400,1,28/10/2019,"31,277₪"
285,ההאמי WR250R ,ישומישוד,2017,250,2,28/10/2019,"26,800₪"
286,ההאמי YZF-R125 ,שיבכ/טרופס,2017,125,2,28/10/2019,"16,900₪"
287,יקוזוס םורטס-יו 250 ,שיבכ/טרופס,2019,250,1,28/10/2019,"23,000₪"
288,וו.מ.ב S1000R ,שיבכ/טרופס,2017,"1,000",2,28/10/2019,"75,000₪"
289,יאוויק TX125 ,ישומישוד,2018,125,1,28/10/2019,"8,700₪"
290,ההאמי XT125X ,שיבכ/טרופס,2007,125,5,28/10/2019,"8,500₪"
291,ההאמי MT 07 ,שיבכ/טרופס,2017,700,2,28/10/2019,"45,000₪"
292,וקרש SE-F300iR ,סורקוטומ,2017,300,2,28/10/2019,"37,000₪"
293,הדנוה VT1100C ,םוטסק,1986,"1,100",2,28/10/2019,"41,000₪"
294,יקאסאוואק VN900 קיסאלק ,םוטסק,2017,900,1,28/10/2019,"60,000₪"
295,ההאמי XT1200Z רפוס הרנט ,ישומישוד,2013,"1,200",2,28/10/2019,"29,500₪"
296,יקאסאוואק Z900 ,שיבכ/טרופס,2018,900,2,28/10/2019,None
297,ההאמי YZ ,סורקוטומ,2018,450,2,28/10/2019,"32,000₪"
298,ההאמי WR400/426/450F ,ישומישוד,2009,450,6,28/10/2019,"19,000₪"
299,יקוזוס RM ,סורקוטומ,2016,250,2,28/10/2019,"23,000₪"
300,מ.ט.ק קויד-רפוס 1290GT ,שיבכ/טרופס,2017,"1,250",2,29/10/2019,None
301,הדנוה CBR650F ,שיבכ/טרופס,2015,650,3,29/10/2019,"33,500₪"
302,ילרה ןוסדיוויד רטסטרופס 883 ,םוטסק,2016,880,1,29/10/2019,"58,000₪"
303,יקאסאוואק ה'גנינ 250R ,שיבכ/טרופס,2012,250,5,29/10/2019,"10,000₪"
304,ההאמי MT 09 ,שיבכ/טרופס,2019,900,1,29/10/2019,None
305,יקוזוס GSX-R1000 ,שיבכ/טרופס,2019,"1,000",1,29/10/2019,None
306,יקאסאוואק NINJA 650 ,שיבכ/טרופס,2019,650,1,29/10/2019,"41,000₪"
307,הדנוה CRF250M ,ישומישוד,2014,250,1,29/10/2019,"17,500₪"
308,אטב RR 125 ,ישומישוד,2019,125,1,29/10/2019,"40,000₪"
309,יקאסאוואק ZX-10R Ninja ,שיבכ/טרופס,2017,"1,000",3,29/10/2019,None
310,יקוזוס GSX-R1000 ,שיבכ/טרופס,2018,"1,000",2,29/10/2019,"98,000₪"
311,מ.ט.ק EXC-F 350 ,ישומישוד,2017,350,2,29/10/2019,"45,000₪"
312,ההאמי MT-07 TRACER ,שיבכ/טרופס,2017,700,1,29/10/2019,"39,000₪"
313,ההאמי YZF-R3 ,שיבכ/טרופס,2019,300,1,29/10/2019,"32,900₪"
314,הדנוה CB500F ,שיבכ/טרופס,2015,500,1,29/10/2019,"24,000₪"
315,גנאסוי GV250 הליקא ,םוטסק,2013,250,2,29/10/2019,"8,500₪"
316,וו.מ.ב R1200GS ,ישומישוד,2018,"1,200",1,29/10/2019,"100,000₪"
317,ההאמי XVS 950 ,םוטסק,2019,900,1,29/10/2019,None
318,ההאמי MT 09 TRACER ,שיבכ/טרופס,2018,900,1,29/10/2019,"59,900₪"
319,יקוזוס GSR750 ,שיבכ/טרופס,2011,750,4,29/10/2019,"21,900₪"
320,AJP PR3 200 Enduro Pro ,ישומישוד,2014,200,3,28/10/2019,"10,500₪"
321,מ.ט.ק ר'צנוודא 1290R ,ישומישוד,2018,"1,300",1,28/10/2019,"109,000₪"
322,ההאמי MT 09 ,שיבכ/טרופס,2017,900,2,28/10/2019,"52,000₪"
323,מ.ט.ק EXC 450 ירוטקפ ,ישומישוד,2015,450,2,28/10/2019,"41,000₪"
324,מ.ט.ק קויד 125 ,שיבכ/טרופס,2018,125,1,28/10/2019,"17,000₪"
325,ילרה ןוסדיוויד רטסטרופס 883C ,םוטסק,2015,880,2,28/10/2019,"50,000₪"
326,וו.מ.ב רחא ,שיבכ/טרופס,1978,"1,000",5,28/10/2019,"40,000₪"
327,מ.ט.ק קויד 200 ,שיבכ/טרופס,2017,200,4,28/10/2019,"13,200₪"
328,מ.ט.ק EXC 125 ,ישומישוד,2015,125,3,28/10/2019,"24,800₪"
329,יקוזוס GSX-R1100 ,ישומישוד,1981,"1,100",3,28/10/2019,None
330,הדנוה CRF250R ,סורקוטומ,2014,250,2,28/10/2019,None
331,"וו.מ.ב R1200GS ר""צנוודא ",ישומישוד,2018,"1,200",1,28/10/2019,"137,000₪"
332,וו.מ.ב R1200RT ,שיבכ/טרופס,2007,"1,200",4,28/10/2019,"35,000₪"
333,הנרווקסוה TE310 ,ישומישוד,2013,300,5,28/10/2019,"12,500₪"
334,ינימ קייב יללכ ,סורקוטומ,2018,150,1,28/10/2019,"8,500₪"
335,הילירפא רחא ,שיבכ/טרופס,2015,"1,200",3,28/10/2019,"58,000₪"
336,ההאמי MT-03 ,שיבכ/טרופס,2018,300,1,28/10/2019,"26,500₪"
337,ההאמי MT 09 SR ,שיבכ/טרופס,2019,900,1,28/10/2019,"75,000₪"
338,ההאמי BT1100 גודלוב ,שיבכ/טרופס,2002,"1,100",3,28/10/2019,None
339,מ.ט.ק 400 SC/SXC ,ישומישוד,2017,450,1,28/10/2019,"37,000₪"
340,יקוזוס DL650A םורטס-יו ,ישומישוד,2018,650,1,29/10/2019,"49,000₪"
341,יקאסאוואק ZX-636R/6R ,שיבכ/טרופס,2019,600,1,29/10/2019,None
342,ההאמי XSR900 ,שיבכ/טרופס,2019,900,1,29/10/2019,None
343,הדנוה VFR1200X ,ישומישוד,2012,"1,200",5,29/10/2019,"47,000₪"
344,יקאסאוואק ZX-10R Ninja ,שיבכ/טרופס,2019,"1,000",1,29/10/2019,None
345,מ.ט.ק ר'צנוודא 1190R ,ישומישוד,2015,"1,200",1,29/10/2019,"70,000₪"
346,יקאסאוואק Z900 ,שיבכ/טרופס,2019,900,0,29/10/2019,"59,985₪"
347,יקאסאוואק Z400 ,שיבכ/טרופס,2019,400,0,29/10/2019,"38,985₪"
348,יקאסאוואק Z1000SX ,שיבכ/טרופס,2019,"1,000",0,29/10/2019,"84,985₪"
349,מ.ט.ק ר'צנוודא 1090 ,ישומישוד,2018,"1,100",2,29/10/2019,None
350,ההאמי YZF-R125 ,שיבכ/טרופס,2019,125,0,29/10/2019,"26,985₪"
351,יקאסאוואק רחא ,ישומישוד,2016,450,2,29/10/2019,"25,000₪"
352,ההאמי YZ ,סורקוטומ,2019,450,1,29/10/2019,"39,000₪"
353,הדנוה NC750X ,ישומישוד,2019,750,1,29/10/2019,"58,500₪"
354,ההאמי MT 07 ,שיבכ/טרופס,2019,700,1,29/10/2019,"45,000₪"
355,מ.ט.ק ר'צנוודא 1190R ,ישומישוד,2017,"1,200",3,29/10/2019,"83,000₪"
356,הדנוה CBR500R ,שיבכ/טרופס,2017,500,1,29/10/2019,"32,000₪"
357,ההאמי XT660Z הרנט ,ישומישוד,2017,700,1,29/10/2019,"42,500₪"
358,ההאמי YZF-R125 ,שיבכ/טרופס,2019,125,1,29/10/2019,"20,000₪"
359,ההאמי WR400/426/450F ,ישומישוד,2019,450,2,29/10/2019,None
360,מ.ט.ק EXC 125 ,ישומישוד,2014,125,3,28/10/2019,"20,000₪"
361,ילרה ןוסדיוויד רחא ,ישומישוד,2017,"1,200",1,28/10/2019,"75,000₪"
362,יקאסאוואק Versys 1000 ,שיבכ/טרופס,2017,"1,000",2,28/10/2019,"57,000₪"
363,ילרה ןוסדיוויד רטסטרופס 883C ,םוטסק,2007,880,3,28/10/2019,"29,000₪"
364,יקאסאוואק ה'גנינ 300 ,שיבכ/טרופס,2017,300,1,28/10/2019,"23,000₪"
365,הדנוה CBR500R ,שיבכ/טרופס,2016,500,5,28/10/2019,"28,000₪"
366,יקאסאוואק Versys 1000 ,שיבכ/טרופס,2012,"1,000",4,28/10/2019,"40,000₪"
367,יקאסאוואק KLE500 ,ישומישוד,2004,500,4,28/10/2019,"14,000₪"
368,הדנוה CB1000R ,שיבכ/טרופס,2015,"1,000",3,28/10/2019,"49,500₪"
369,יקאסאוואק ZX-7R ,שיבכ/טרופס,1998,750,7,28/10/2019,"29,000₪"
370,סאג-סאג EC250 ,ישומישוד,2014,250,3,28/10/2019,"16,000₪"
371,ההאמי MT 09 SR ,שיבכ/טרופס,2019,900,1,28/10/2019,"73,900₪"
372,מ.ט.ק RC390 ,שיבכ/טרופס,2015,400,6,28/10/2019,"17,000₪"
373,הדנוה CBR500R ,שיבכ/טרופס,2017,500,2,28/10/2019,"34,500₪"
374,ינימ קייב יללכ ,סורקוטומ,2018,125,1,28/10/2019,"5,500₪"
375,יקאסאוואק ה'גנינ 300 ,שיבכ/טרופס,2015,300,2,28/10/2019,"19,000₪"
376,יקוזוס DRZ400S ,שיבכ/טרופס,2016,400,2,28/10/2019,"24,000₪"
377,וו.מ.ב K1600GT ,שיבכ/טרופס,2016,"1,500",2,28/10/2019,None
378,יקאסאוואק Versys 650 ,ישומישוד,2008,650,5,28/10/2019,"9,999₪"
379,יקאסאוואק VN900 קיסאלק ,םוטסק,2017,900,1,28/10/2019,"55,000₪"
380,ההאמי MT 09 ,שיבכ/טרופס,2018,900,2,29/10/2019,None
381,ההאמי YZ ,סורקוטומ,2018,250,1,29/10/2019,"28,000₪"
382,יקוזוס DL1000 םורטס-יו ,ישומישוד,2015,"1,000",1,29/10/2019,"42,999₪"
383,ההאמי MT-07 TRACER ,שיבכ/טרופס,2019,700,0,29/10/2019,"54,985₪"
384,הדנוה CB125R ,שיבכ/טרופס,2018,125,1,29/10/2019,"18,000₪"
385,הנרווקסוה רחא ,שיבכ/טרופס,2017,700,2,29/10/2019,"40,000₪"
386,יקוזוס DL650 םורטס-יו ,ישומישוד,2018,650,1,29/10/2019,"52,000₪"
387,יקאסאוואק Versys 1000 ,ישומישוד,2016,"1,000",2,29/10/2019,"55,000₪"
388,ההאמי YZ ,סורקוטומ,2019,70,0,29/10/2019,"22,000₪"
389,יקאסאוואק Z650 abs ,שיבכ/טרופס,2019,650,1,29/10/2019,None
390,הדנוה CB500X ,ישומישוד,2016,500,1,29/10/2019,"23,000₪"
391,ההאמי XSR700 ,שיבכ/טרופס,2019,700,1,29/10/2019,"51,000₪"
392,וו.מ.ב F650GS ,ישומישוד,2001,650,6,29/10/2019,"7,999₪"
393,יקוזוס DL650 םורטס-יו ,ישומישוד,2018,650,1,29/10/2019,"50,000₪"
394,ההאמי MT 09 ,שיבכ/טרופס,2014,900,4,29/10/2019,"29,900₪"
395,יקאסאוואק W800 ,םוטסק,2019,800,1,29/10/2019,None
396,מ.ט.ק קויד 390 ,שיבכ/טרופס,2017,400,1,29/10/2019,"21,000₪"
397,מ.ט.ק קויד 690 ,שיבכ/טרופס,2007,700,6,29/10/2019,"13,999₪"
398,ההאמי MT-07 TRACER ,שיבכ/טרופס,2018,700,2,29/10/2019,None
399,הדנוה CB500F ,שיבכ/טרופס,2017,500,4,29/10/2019,"25,999₪"
400,מ.ט.ק קויד 200 ,ישומישוד,2016,200,2,28/10/2019,"12,500₪"
401,יקוזוס DL650 םורטס-יו ,ישומישוד,2015,650,2,28/10/2019,"37,003₪"
402,יקוזוס רחא ,שיבכ/טרופס,2017,250,2,28/10/2019,"19,500₪"
403,סאג-סאג TXT ,סורקוטומ,2018,250,2,28/10/2019,"31,000₪"
404,הדנוה CBR250R ,שיבכ/טרופס,2013,250,3,28/10/2019,"12,000₪"
405,יקאסאוואק ER-5 ,שיבכ/טרופס,2003,500,7,28/10/2019,None
406,מ.ט.ק קויד 390 ,שיבכ/טרופס,2018,400,1,28/10/2019,"24,000₪"
407,יקוזוס DRZ400SM ,שיבכ/טרופס,2009,400,5,28/10/2019,"23,000₪"
408,ההאמי XSR700 ,שיבכ/טרופס,2018,700,1,28/10/2019,"50,000₪"
409,יצוגוטומ רחא ,םוטסק,2017,850,1,28/10/2019,"49,000₪"
410,מ.ט.ק קויד 790 ,שיבכ/טרופס,2018,800,2,28/10/2019,"57,000₪"
411,הנרווקסוה TE350 ,ישומישוד,2014,350,2,28/10/2019,"28,900₪"
412,יקאסאוואק Versys 650 ,ישומישוד,2010,650,4,28/10/2019,"13,000₪"
413,הדנוה VTX1800C ,סורקוטומ,2006,"1,800",3,28/10/2019,"100,000₪"
414,ןאס גנאי ףלוו SB250Ni ,שיבכ/טרופס,2014,250,1,28/10/2019,"8,000₪"
415,יקוזוס DRZ400S ,ישומישוד,2009,400,5,28/10/2019,"19,000₪"
416,"וו.מ.ב R1200GS ר""צנוודא ",ישומישוד,2016,"1,200",2,28/10/2019,"105,000₪"
417,יקוזוס םורטס-יו 250 ,ישומישוד,2018,250,2,28/10/2019,"24,500₪"
418,הדנוה CB500X ,ישומישוד,2015,500,4,28/10/2019,"26,000₪"
419,ההאמי FZ1 רזייפ ,שיבכ/טרופס,2013,"1,000",3,28/10/2019,"41,000₪"
420,יקאסאוואק KLE500 ,ישומישוד,2007,500,3,29/10/2019,"11,500₪"
421,ההאמי MT 09 ,שיבכ/טרופס,2018,850,3,29/10/2019,None
422,יקוזוס DL650A םורטס-יו ,ישומישוד,2015,650,1,29/10/2019,"37,000₪"
423,יקוזוס םורטס-יו 250 ,ישומישוד,2018,250,3,29/10/2019,"19,000₪"
424,יקאסאוואק ה'גנינ 250R ,שיבכ/טרופס,2012,250,7,29/10/2019,"10,000₪"
425,קיטנאפ Enduro S/M 4T Casa ,ישומישוד,2017,250,1,29/10/2019,"24,900₪"
426,וקרש SE-300R ,ישומישוד,2016,300,1,29/10/2019,"43,400₪"
427,הדנוה NC750X ,ישומישוד,2014,750,4,29/10/2019,None
428,יקאסאוואק GPZ500 ,שיבכ/טרופס,2002,500,1,29/10/2019,"14,000₪"
429,יקאסאוואק Versys 650 ,ישומישוד,2008,650,4,29/10/2019,"9,995₪"
430,הדנוה GL1800 גניוו-דלוג ,םוטסק,2018,"1,800",1,29/10/2019,None
431,מ.ט.ק 250 EXC-F ,ישומישוד,2017,250,2,29/10/2019,"43,000₪"
432,יקאסאוואק KX ,ישומישוד,2016,450,2,29/10/2019,None
433,מ.ט.ק קויד 390 ,שיבכ/טרופס,2019,400,1,29/10/2019,None
434,יקאסאוואק GPZ500 ,שיבכ/טרופס,1998,500,3,29/10/2019,"7,900₪"
435,יקאסאוואק ZX-10R Ninja ,סורקוטומ,2014,"1,000",1,29/10/2019,None
436,מ.ט.ק EXC 200 ,סורקוטומ,2010,200,2,29/10/2019,"19,000₪"
437,ההאמי XT1200Z רפוס הרנט ,ישומישוד,2013,"1,200",1,29/10/2019,"26,000₪"
438,וו.מ.ב F650GS ,ישומישוד,2011,650,1,29/10/2019,"16,000₪"
439,יטאקוד הלאגינפ 1199 S ,שיבכ/טרופס,2012,"1,200",3,29/10/2019,None
440,הדנוה CBR250R ,ישומישוד,2011,250,7,28/10/2019,"8,000₪"
441,הדנוה GL1800 גניוו-דלוג ,םוטסק,1976,"1,000",3,28/10/2019,"22,000₪"
442,ההאמי MT 07 ,שיבכ/טרופס,2018,700,1,28/10/2019,"50,000₪"
443,הדנוה פלאסנרט 650 ,ישומישוד,2001,650,5,28/10/2019,"9,000₪"
444,םילאיד Roadwin 250 ,שיבכ/טרופס,2014,250,3,28/10/2019,"8,500₪"
445,יקוזוס DRZ400S ,ישומישוד,2008,400,8,28/10/2019,"16,500₪"
446,יטאקוד הדרטסיטלומ 1200S ,ישומישוד,2012,"1,200",3,28/10/2019,"58,000₪"
447,ההאמי YZF-R125 ,שיבכ/טרופס,2017,125,1,28/10/2019,"17,500₪"
448,יקוזוס DR650R/RE/SE ,ישומישוד,2017,650,1,28/10/2019,"26,000₪"
449,יקוזוס DR650R/RE/SE ,ישומישוד,1999,650,7,28/10/2019,None
450,הדנוה CB500X ,ישומישוד,2016,500,3,28/10/2019,"29,000₪"
451,מ.ט.ק 250 EXC-F ,ישומישוד,2017,250,2,28/10/2019,None
452,הדנוה CBF1000 ,שיבכ/טרופס,2009,"1,000",4,28/10/2019,"27,000₪"
453,פמוטס Z2-140-R ,סורקוטומ,2015,150,2,28/10/2019,"7,500₪"
454,סאג-סאג EC125 ,ישומישוד,2015,125,4,28/10/2019,"17,500₪"
455,יקאסאוואק Z800R ,שיבכ/טרופס,2015,800,6,28/10/2019,"34,000₪"
456,הדנוה CB500F ,שיבכ/טרופס,2017,500,3,28/10/2019,"31,500₪"
457,ההאמי YZF-R1 ,שיבכ/טרופס,2006,"1,000",1,28/10/2019,"54,900₪"
458,יאוויק RKS 125 ,שיבכ/טרופס,2018,125,2,28/10/2019,"6,600₪"
459,ההאמי MT 09 ,שיבכ/טרופס,2017,900,6,28/10/2019,"42,000₪"
460,הילירפא ורודוסרוד 750 ,שיבכ/טרופס,2018,900,2,29/10/2019,"53,500₪"
461,ההאמי MT-10 ,שיבכ/טרופס,2018,"1,000",1,29/10/2019,"86,000₪"
462,יקוזוס DR650R/RE/SE ,ישומישוד,2017,650,2,29/10/2019,"26,500₪"
463,יקאסאוואק Z650 abs ,שיבכ/טרופס,2019,650,1,29/10/2019,"44,985₪"
464,יקוזוס DL1000 םורטס-יו ,ישומישוד,2006,"1,000",4,29/10/2019,None
465,יקאסאוואק Z900 ,שיבכ/טרופס,2019,900,1,29/10/2019,"54,000₪"
466,יטאקוד הלאגינפ V4 ,שיבכ/טרופס,2018,"1,100",1,29/10/2019,None
467,ההאמי YZF-R6R ,סורקוטומ,2006,600,1,29/10/2019,None
468,מ.ט.ק קויד 250 ,שיבכ/טרופס,2018,250,1,29/10/2019,"20,500₪"
469,יקוזוס DL650 םורטס-יו ,ישומישוד,2008,650,3,29/10/2019,"15,000₪"
470,ההאמי YZF-R1 ,שיבכ/טרופס,2018,"1,000",3,29/10/2019,None
471,מ.ט.ק קויד 125 ,שיבכ/טרופס,2019,125,1,29/10/2019,"21,000₪"
472,יקאסאוואק Z650 abs ,שיבכ/טרופס,2019,650,0,29/10/2019,"44,985₪"
473,יקאסאוואק Z400 ,שיבכ/טרופס,2019,400,0,29/10/2019,"38,985₪"
474,ההאמי YZF-R3 ,שיבכ/טרופס,2019,300,0,29/10/2019,"37,985₪"
475,יקאסאוואק Versys 650 ,שיבכ/טרופס,2019,650,0,29/10/2019,"53,485₪"
476,ההאמי MT 09 ,שיבכ/טרופס,2019,850,0,29/10/2019,"69,985₪"
477,וו.מ.ב R1200GS ,ישומישוד,2011,"1,200",1,29/10/2019,"39,000₪"
478,הדנוה CBF1000 ,שיבכ/טרופס,2015,"1,000",2,29/10/2019,"55,500₪"
479,הנרווקסוה VITPILEN 401 ,שיבכ/טרופס,2018,700,1,29/10/2019,"55,500₪"
480,יטאקוד לבאיד ןוברק ,שיבכ/טרופס,2011,"1,200",3,28/10/2019,None
481,הדנוה CBR600RR ,שיבכ/טרופס,2007,600,9,28/10/2019,"35,000₪"
482,מ.ט.ק קויד 390 ,שיבכ/טרופס,2013,400,6,28/10/2019,"9,500₪"
483,מ.ט.ק LC8-990 ,ישומישוד,2010,"1,000",5,28/10/2019,"43,000₪"
484,ההאמי MT 09 ,שיבכ/טרופס,2016,850,3,28/10/2019,"42,000₪"
485,יקאסאוואק Z1000SX ,שיבכ/טרופס,2014,"1,000",3,28/10/2019,None
486,יקוזוס DRZ400S ,ישומישוד,2016,400,3,28/10/2019,"27,000₪"
487,יקאסאוואק Versys 1000 ,שיבכ/טרופס,2015,"1,000",1,28/10/2019,"52,000₪"
488,ההאמי X-MAX 250 MOMO ,ישומישוד,2010,250,3,28/10/2019,"9,500₪"
489,מ.ט.ק קויד-רפוס 1290R ,שיבכ/טרופס,2014,"1,300",3,28/10/2019,None
490,גנאסוי GT650 טמוק ,שיבכ/טרופס,2014,650,1,28/10/2019,"19,000₪"
491,הדנוה CRF250R ,סורקוטומ,2015,250,5,28/10/2019,"17,000₪"
492,ההאמי WR125X ,ישומישוד,2010,125,6,28/10/2019,"8,000₪"
493,הדנוה CB500F ,שיבכ/טרופס,2015,500,3,28/10/2019,"24,500₪"
494,יקוזוס DRZ400S ,ישומישוד,2009,400,2,28/10/2019,"25,000₪"
495,יקאסאוואק EN500 ,םוטסק,2001,500,5,28/10/2019,"16,000₪"
496,HM CRE 125R ,ישומישוד,2013,125,4,28/10/2019,"10,800₪"
497,TM Racing EN 125 ,ישומישוד,2013,125,2,28/10/2019,"18,000₪"
498,"וו.מ.ב R1200GS ר""צנוודא ",ישומישוד,2018,"1,200",1,28/10/2019,"155,000₪"
499,ההאמי MT 07 ,שיבכ/טרופס,2017,700,2,28/10/2019,"39,000₪"
500,יקאסאוואק KLX250S ,ישומישוד,2016,250,1,29/10/2019,"19,800₪"
501,וו.מ.ב R1200RS ,שיבכ/טרופס,2016,"1,200",3,29/10/2019,"80,000₪"
502,MV Agusta F3 675 ,שיבכ/טרופס,2018,700,1,29/10/2019,None
503,הדנוה CB650F ,שיבכ/טרופס,2017,650,2,29/10/2019,"39,500₪"
504,יקאסאוואק Versys 1000 ,שיבכ/טרופס,2019,"1,000",0,29/10/2019,"84,985₪"
505,יקוזוס C800 רדורטניא ,םוטסק,2019,"1,800",0,29/10/2019,None
506,יקוזוס GSX-R1000 ,שיבכ/טרופס,2019,"1,000",0,29/10/2019,None
507,וו.מ.ב G650XChallenge ,ישומישוד,2007,650,3,29/10/2019,"24,000₪"
508,ההאמי MT-07 TRACER ,שיבכ/טרופס,2018,700,1,29/10/2019,"45,000₪"
509,ההאמי MT-10 ,שיבכ/טרופס,2018,"1,000",2,29/10/2019,"83,000₪"
510,ההאמי MT 09 ,שיבכ/טרופס,2018,900,1,29/10/2019,"86,000₪"
511,יקאסאוואק רחא ,שיבכ/טרופס,2019,125,0,29/10/2019,"19,985₪"
512,יקאסאוואק Versys-X 300 ,ישומישוד,2019,300,0,29/10/2019,"30,985₪"
513,יקאסאוואק ZX-6R ,שיבכ/טרופס,2005,600,6,29/10/2019,None
514,יקאסאוואק Z650 ,שיבכ/טרופס,2019,650,0,29/10/2019,"44,985₪"
515,יקוזוס DL650 םורטס-יו ,שיבכ/טרופס,2017,650,1,29/10/2019,"45,000₪"
516,אטב רניירטסקיא 250 ,ישומישוד,2019,250,0,29/10/2019,"43,395₪"
517,רחא יללכ ,סורקוטומ,2019,50,0,29/10/2019,"6,485₪"
518,ההאמי YZF-R6R ,שיבכ/טרופס,2019,600,0,29/10/2019,None
519,הדנוה CBR600RR ,שיבכ/טרופס,2009,600,9,29/10/2019,None
520,וו.מ.ב F800GS ,ישומישוד,2017,800,3,28/10/2019,"71,000₪"
521,לאיור דליפנא טלוב קיסאלק ,ישומישוד,2010,500,3,28/10/2019,"18,000₪"
522,מ.ט.ק קויד 125 ,שיבכ/טרופס,2018,125,1,28/10/2019,"17,500₪"
523,ילרה ןוסדיוויד הנייד טירטס בוב 1585 ,םוטסק,2019,"1,800",1,28/10/2019,"105,000₪"
524,מ.ט.ק ורודנא 690R ,ישומישוד,2013,700,5,28/10/2019,None
525,יאוויק TX125 ,שיבכ/טרופס,2019,125,1,28/10/2019,"7,000₪"
526,יקוזוס DR650R/RE/SE ,ישומישוד,2017,650,2,28/10/2019,"27,000₪"
527,הדנוה CRF450R ,סורקוטומ,2017,450,2,28/10/2019,None
528,יקאסאוואק Versys 650 ,ישומישוד,2010,650,6,28/10/2019,"11,500₪"
529,מ.ט.ק רחא ,סורקוטומ,2002,50,3,28/10/2019,"7,500₪"
530,הדנוה CBR650F ,ישומישוד,2018,650,2,28/10/2019,"49,000₪"
531,הדנוה CB500X ,ישומישוד,2015,500,2,28/10/2019,"26,000₪"
532,יאוויק TX200 ,ישומישוד,2017,200,3,28/10/2019,"8,500₪"
533,יקוזוס םורטס-יו 250 ,ישומישוד,2018,250,1,28/10/2019,"23,000₪"
534,הדנוה CB500F ,שיבכ/טרופס,2016,500,3,28/10/2019,"31,000₪"
535,ההאמי MT 09 ,שיבכ/טרופס,2018,900,2,28/10/2019,"63,000₪"
536,הנרווקסוה FE250 ,ישומישוד,2016,250,3,28/10/2019,"39,000₪"
537,מ.ט.ק SX 350 ,סורקוטומ,2019,350,2,28/10/2019,"33,500₪"
538,ההאמי MT 09 ,שיבכ/טרופס,2019,900,2,28/10/2019,None
539,ההאמי YZF-R1 ,שיבכ/טרופס,2009,"1,000",4,28/10/2019,"55,000₪"
540,יטאקוד רטסנומ 1200 S ,שיבכ/טרופס,2014,"1,200",2,29/10/2019,None
541,יקאסאוואק KLE500 ,ישומישוד,1997,500,1,29/10/2019,"9,900₪"
542,ההאמי YZF-R1 ,שיבכ/טרופס,2016,"1,000",3,29/10/2019,None
543,גנאסוי GV650 הליקא ,םוטסק,2017,650,1,29/10/2019,"27,999₪"
544,יקאסאוואק NINJA 650 ,שיבכ/טרופס,2019,650,1,29/10/2019,"37,000₪"
545,יקוזוס GSX-R125 ,שיבכ/טרופס,2018,125,1,29/10/2019,"16,000₪"
546,הדנוה CBR650R ,שיבכ/טרופס,2019,650,1,29/10/2019,"56,500₪"
547,יאוויק TX125 ,ישומישוד,2019,125,1,29/10/2019,"9,999₪"
548,יקוזוס DL650 םורטס-יו ,ישומישוד,2015,650,4,29/10/2019,None
549,מ.ט.ק EXC 125 ,ישומישוד,2015,125,2,29/10/2019,"31,000₪"
550,ההאמי YZF-R125 ,שיבכ/טרופס,2019,125,0,29/10/2019,"26,985₪"
551,הנרווקסוה TE300 ,ישומישוד,2014,300,4,29/10/2019,None
552,יקוזוס GSX-R1000 ,שיבכ/טרופס,2017,"1,000",2,29/10/2019,None
553,יטאקוד הדרטסיטלומ 950 ,ישומישוד,2019,"1,000",1,29/10/2019,None
554,הדנוה CRF1000L הקירפא ןיווט ,ישומישוד,2017,"1,000",1,29/10/2019,"71,900₪"
555,מ.ט.ק קויד 250 ,שיבכ/טרופס,2018,250,1,29/10/2019,"18,700₪"
556,מ.ט.ק EXC 300 ,ישומישוד,2016,300,2,29/10/2019,"37,000₪"
557,מ.ט.ק 250 EXC-F ,ישומישוד,2016,250,1,29/10/2019,"46,000₪"
558,ההאמי XTZ660 הרנט ,ישומישוד,2016,650,3,29/10/2019,"35,500₪"
559,יקאסאוואק רחא ,שיבכ/טרופס,2018,"1,000",2,29/10/2019,None
560,מ.ט.ק EXC 250 ,ישומישוד,2017,250,2,28/10/2019,"45,000₪"
561,ההאמי YZF-R125 ,שיבכ/טרופס,2015,125,2,28/10/2019,None
562,יקאסאוואק ה'גנינ 300 ,שיבכ/טרופס,2017,300,2,28/10/2019,"22,000₪"
563,הדנוה CBR250R ,שיבכ/טרופס,2011,250,8,28/10/2019,"11,500₪"
564,ההאמי YZF-R125 ,שיבכ/טרופס,2017,125,1,28/10/2019,"17,500₪"
565,יקאסאוואק KLE500 ,ישומישוד,2005,500,2,28/10/2019,"15,000₪"
566,יקאסאוואק KLX450R ,ישומישוד,2014,450,2,28/10/2019,None
567,יקאסאוואק Z250 ,שיבכ/טרופס,2017,250,1,28/10/2019,"17,500₪"
568,יקאסאוואק Vulcan S ,םוטסק,2019,650,1,28/10/2019,None
569,ההאמי YZF-R6R ,שיבכ/טרופס,2018,600,3,28/10/2019,"83,000₪"
570,יטאקוד הדרטסיטלומ 1200S ,שיבכ/טרופס,2011,"1,200",2,28/10/2019,"51,000₪"
571,ההאמי YZF-R3 ,שיבכ/טרופס,2018,350,3,28/10/2019,"29,000₪"
572,מ.ט.ק SX 85 ,סורקוטומ,2015,100,1,28/10/2019,"13,500₪"
573,"וו.מ.ב R1200GS ר""צנוודא ",ישומישוד,2015,"1,200",2,28/10/2019,"104,000₪"
574,מ.ט.ק קויד 390 ,שיבכ/טרופס,2017,400,3,28/10/2019,"20,900₪"
575,ההאמי WR250R ,ישומישוד,2018,250,1,28/10/2019,"27,555₪"
576,מ.ט.ק EXC-F 350 ,ישומישוד,2014,350,3,28/10/2019,"29,000₪"
577,יקוזוס DRZ400S ,ישומישוד,2017,400,3,28/10/2019,"27,900₪"
578,הדנוה CRF250M ,ישומישוד,2015,250,2,28/10/2019,"19,500₪"
579,מ.ט.ק RC8-1190R ,שיבכ/טרופס,2011,"1,200",3,28/10/2019,"60,000₪"
580,יטאקוד רפוס טרופס A1 ,שיבכ/טרופס,2018,"1,000",2,29/10/2019,None
581,הדנוה CBR500R ,שיבכ/טרופס,2014,500,5,29/10/2019,"19,500₪"
582,הדנוה CBF1000 ,שיבכ/טרופס,2015,"1,000",2,29/10/2019,"49,000₪"
583,וו.מ.ב R80 ,שיבכ/טרופס,1994,800,4,29/10/2019,None
584,יטאקוד לבאיד S X ,םוטסק,2016,"1,250",1,29/10/2019,None
585,ההאמי XTZ660 הרנט ,ישומישוד,2019,700,0,29/10/2019,"69,985₪"
586,מ.ט.ק EXC-F 350 ,ישומישוד,2015,350,3,29/10/2019,"36,000₪"
587,הדנוה CRF250M ,ישומישוד,2013,250,4,29/10/2019,"12,500₪"
588,קיטנאפ Enduro 4T Casa ,ישומישוד,2018,125,1,29/10/2019,"24,000₪"
589,הדנוה CBR500R ,שיבכ/טרופס,2018,500,1,29/10/2019,"37,000₪"
590,ההאמי MT-10 ,ישומישוד,2019,"1,000",0,29/10/2019,"95,985₪"
591,יקאסאוואק Z900 ,שיבכ/טרופס,2018,900,2,29/10/2019,"48,500₪"
592,מ.ט.ק קויד 690 ,שיבכ/טרופס,2016,700,1,29/10/2019,"29,500₪"
593,ההאמי YZF-R125 ,שיבכ/טרופס,2017,125,2,29/10/2019,"15,999₪"
594,ילנב LEONCINO500 ,ישומישוד,2019,500,1,29/10/2019,"36,000₪"
595,ההאמי MT-10 ,שיבכ/טרופס,2017,"1,000",3,29/10/2019,"75,000₪"
596,יאוויק TX125 ,ישומישוד,2018,125,1,29/10/2019,"9,500₪"
597,הדנוה CBR500R ,שיבכ/טרופס,2014,500,6,29/10/2019,None
598,יטאקוד לבאיד ,שיבכ/טרופס,2012,"1,200",3,29/10/2019,None
599,יקאסאוואק ה'גנינ 300 ,שיבכ/טרופס,2014,300,3,29/10/2019,None
600,מ.ט.ק קויד 390 ,שיבכ/טרופס,2019,400,1,28/10/2019,"30,000₪"
601,הדנוה פלאסנרט 700 ,ישומישוד,2012,700,3,28/10/2019,"25,000₪"
602,"וו.מ.ב R1200GS ר""צנוודא ",ישומישוד,2014,"1,200",2,28/10/2019,"89,000₪"
603,ההאמי YZ ,סורקוטומ,2016,450,2,28/10/2019,None
604,הדנוה CRF450R ,סורקוטומ,2018,450,2,28/10/2019,None
605,-וריז םיעונפוא םיילמשח FXS ,ישומישוד,2017,50,1,28/10/2019,"33,000₪"
606,מ.ט.ק EXC 250 ,ישומישוד,2002,250,3,28/10/2019,"10,000₪"
607,יטאקוד רלבמרקס ןוקייא ,ישומישוד,2017,400,3,28/10/2019,"35,000₪"
608,יטאקוד רטסנומ 796 ,שיבכ/טרופס,2012,800,6,28/10/2019,"29,000₪"
609,ההאמי MT 07 ,שיבכ/טרופס,2015,700,4,28/10/2019,"27,000₪"
610,הדנוה CBR250R ,שיבכ/טרופס,2013,250,3,28/10/2019,None
611,יקוזוס GSF1200 טידנב ,שיבכ/טרופס,2004,"1,200",4,28/10/2019,"18,000₪"
612,ההאמי MT 09 ,שיבכ/טרופס,2017,900,3,28/10/2019,"53,000₪"
613,יקאסאוואק Versys 650 ,ישומישוד,2009,650,4,28/10/2019,"16,000₪"
614,יקוזוס C800 רדורטניא ,םוטסק,1993,800,6,28/10/2019,"33,500₪"
615,יקוזוס DL650 םורטס-יו ,ישומישוד,2008,650,7,28/10/2019,"10,000₪"
616,יקאסאוואק ZX-10R Ninja ,שיבכ/טרופס,2015,"1,000",2,28/10/2019,"86,000₪"
617,וקמיק ןונאווק 125 ,שיבכ/טרופס,2008,125,4,28/10/2019,"5,500₪"
618,יקאסאוואק KX ,סורקוטומ,2012,250,2,28/10/2019,"14,500₪"
619,הדנוה CRF1000L הקירפא ןיווט ,ישומישוד,2016,"1,000",3,28/10/2019,"63,000₪"
620,יקאסאוואק Z900 ,שיבכ/טרופס,2019,900,0,28/10/2019,"59,985₪"
621,יקאסאוואק ZX-10R Ninja ,שיבכ/טרופס,2019,"1,000",1,28/10/2019,"149,900₪"
622,הנרווקסוה TE300 ,ישומישוד,2019,300,1,28/10/2019,None
623,ההאמי YZF600R טאקרדנא'ת ,שיבכ/טרופס,1997,600,5,28/10/2019,None
624,יקאסאוואק NINJA 650 ,שיבכ/טרופס,2019,650,1,28/10/2019,"44,999₪"
625,הדנוה CBR125R ,שיבכ/טרופס,2018,125,1,28/10/2019,"18,000₪"
626,גנאסוי GD250 ,שיבכ/טרופס,2015,250,4,29/10/2019,"9,900₪"
627,ההאמי WR400/426/450F ,סורקוטומ,2008,450,3,29/10/2019,"17,000₪"
628,יקאסאוואק VN1700 ר'גאיוו ,םוטסק,2019,"1,800",0,29/10/2019,None
629,מ.ט.ק EXC 300 ,ישומישוד,2019,300,1,29/10/2019,"63,000₪"
630,יקוזוס GSX-R1000 ,שיבכ/טרופס,2018,"1,000",3,29/10/2019,"95,000₪"
631,ינימ קייב יללכ ,סורקוטומ,2019,50,0,29/10/2019,"6,500₪"
632,יטאקוד הדרטסיטלומ 1200S ,ישומישוד,2012,"1,200",4,29/10/2019,"66,000₪"
633,ההאמי XT1200Z רפוס הרנט ,ישומישוד,2019,"1,200",1,29/10/2019,"89,000₪"
634,יקוזוס DL650 םורטס-יו ,ישומישוד,2017,650,1,29/10/2019,"45,900₪"
635,יטאקוד רטסנומ 696 ,שיבכ/טרופס,2009,700,3,29/10/2019,"22,000₪"
636,יקאסאוואק Versys 650 ,שיבכ/טרופס,2019,650,1,29/10/2019,"45,000₪"
637,מ.ט.ק קויד 200 ,שיבכ/טרופס,2017,200,1,29/10/2019,"14,600₪"
638,ההאמי YZF-R125 ,שיבכ/טרופס,2017,125,2,29/10/2019,"16,000₪"
639,אטב RR 125 ,שיבכ/טרופס,2019,125,2,29/10/2019,"13,500₪"
640,הדנוה CBR600 F5/FS/I ,שיבכ/טרופס,2006,600,3,28/10/2019,None
641,יקאסאוואק ה'גנינ 250R ,שיבכ/טרופס,2008,250,3,28/10/2019,"12,500₪"
642,מ.ט.ק 400 EGS-E ,ישומישוד,2016,400,2,28/10/2019,"18,500₪"
643,מ.ט.ק EXC 125 ,ישומישוד,2016,125,3,28/10/2019,"26,500₪"
644,הנרווקסוה TE250 ,ישומישוד,2018,250,1,28/10/2019,"44,900₪"
645,מ.ט.ק SX250 F ,סורקוטומ,2017,250,2,28/10/2019,"24,000₪"
646,ההאמי MT 07 ,שיבכ/טרופס,2016,700,1,28/10/2019,"36,500₪"
647,יקאסאוואק Z650 ,שיבכ/טרופס,2018,650,1,28/10/2019,"29,000₪"
648,יקאסאוואק NINJA 650 ,שיבכ/טרופס,2018,650,2,28/10/2019,None
649,יקאסאוואק Z900 ,שיבכ/טרופס,2019,900,1,28/10/2019,"59,000₪"
650,ילרה ןוסדיוויד רטסטרופס 883 ,םוטסק,2009,900,3,28/10/2019,"52,000₪"
651,מ.ט.ק EXC 450 גניסייר ,ישומישוד,2012,450,3,28/10/2019,"22,000₪"
652,מ.ט.ק EXC-F 350 ,ישומישוד,2018,350,2,28/10/2019,"55,000₪"
653,מ.ט.ק EXC 300 ,ישומישוד,2001,300,6,28/10/2019,"11,000₪"
654,מ.ט.ק EXC 250 ,ישומישוד,2015,250,2,28/10/2019,"31,000₪"
655,אטב EVO125 ,ישומישוד,2018,125,1,28/10/2019,"22,000₪"
656,מ.ט.ק EXC 250 ,ישומישוד,2016,250,2,28/10/2019,None
657,ילנב TRK502 ,ישומישוד,2018,500,1,28/10/2019,"33,000₪"
658,יקאסאוואק KX ,סורקוטומ,2017,450,1,28/10/2019,"23,000₪"
659,ההאמי X-MAX 250 MOMO ,ישומישוד,2016,250,2,28/10/2019,"17,900₪"
660,יקאסאוואק Versys 1000 ,שיבכ/טרופס,2015,"1,000",4,28/10/2019,None
661,יקאסאוואק Z900 ,שיבכ/טרופס,2018,900,2,28/10/2019,"49,900₪"
662,ההאמי YZF-R6 ,שיבכ/טרופס,2019,600,2,28/10/2019,None
663,ההאמי MT 09 ,שיבכ/טרופס,2015,900,5,28/10/2019,"38,000₪"
664,מ.ט.ק EXC 250 ,ישומישוד,2017,250,2,28/10/2019,"43,000₪"
665,הדנוה CBR250R ,שיבכ/טרופס,2013,250,1,28/10/2019,"9,900₪"
666,יקאסאוואק Versys-X 300 ,שיבכ/טרופס,2019,300,0,28/10/2019,"30,985₪"
667,הנרווקסוה 701 ורודנא ,ישומישוד,2018,700,2,28/10/2019,"46,500₪"
668,ההאמי WR400/426/450F ,סורקוטומ,2018,450,3,28/10/2019,"41,999₪"
669,מ.ט.ק 250 EXC-F ,ישומישוד,2018,250,1,28/10/2019,"51,400₪"
670,יקאסאוואק רחא ,שיבכ/טרופס,2019,"1,000",1,28/10/2019,"224,999₪"
671,הדנוה CRF250 RALLY ,ישומישוד,2018,250,4,28/10/2019,"25,900₪"
672,יקוזוס םורטס-יו 250 ,ישומישוד,2019,250,2,28/10/2019,"24,000₪"
673,וו.מ.ב S1000RR ,שיבכ/טרופס,2016,"1,000",1,28/10/2019,"104,000₪"
674,ההאמי MT-10 ,שיבכ/טרופס,2017,"1,000",3,28/10/2019,None
675,יקאסאוואק Z900 ,שיבכ/טרופס,2019,900,0,28/10/2019,"59,985₪"
676,הדנוה CBR300 ,שיבכ/טרופס,2019,300,1,28/10/2019,"28,000₪"
677,ילנב TNT300 ,שיבכ/טרופס,2016,300,3,28/10/2019,"16,000₪"
678,יקוזוס GSX-S1000 ,שיבכ/טרופס,2019,"1,000",1,28/10/2019,"87,999₪"
679,קיטנאפ ורלבק ,שיבכ/טרופס,2019,450,1,28/10/2019,"39,900₪"
680,יאוויק ראטסקלב 250 ,םוטסק,2016,250,3,28/10/2019,"13,000₪"
681,הדנוה CRF250L ,ישומישוד,2017,250,3,28/10/2019,"22,000₪"
682,הדנוה CBR1000RR ,שיבכ/טרופס,2017,"1,000",1,28/10/2019,None
683,מ.ט.ק קויד 200 ,שיבכ/טרופס,2014,200,5,28/10/2019,"13,000₪"
684,ההאמי MT 09 ,שיבכ/טרופס,2015,900,3,28/10/2019,"36,500₪"
685,יקאסאוואק Z800R ,שיבכ/טרופס,2015,800,3,28/10/2019,"36,000₪"
686,ההאמי YZF-R6 ,שיבכ/טרופס,2017,600,3,28/10/2019,"75,000₪"
687,יקאסאוואק Z750R ,שיבכ/טרופס,2012,750,2,28/10/2019,"31,900₪"
688,םילאיד Roadwin 250 ,שיבכ/טרופס,2015,250,1,28/10/2019,"8,500₪"
689,יקאסאוואק Z800R ,שיבכ/טרופס,2015,800,3,28/10/2019,"39,000₪"
690,HM CRE F250X ,סורקוטומ,2011,250,3,28/10/2019,"18,000₪"
691,יקאסאוואק Z650 abs ,שיבכ/טרופס,2018,650,2,28/10/2019,"33,990₪"
692,וו.מ.ב F-750GS ,ישומישוד,2019,850,1,28/10/2019,"75,000₪"
693,יקוזוס GS500E ,שיבכ/טרופס,1994,500,1,28/10/2019,"14,000₪"
694,יקאסאוואק Versys 650 ,שיבכ/טרופס,2017,650,2,28/10/2019,"38,000₪"
695,מ.ט.ק EXC 200 ,שיבכ/טרופס,2013,200,2,28/10/2019,"24,000₪"
696,וו.מ.ב G650GS ,שיבכ/טרופס,2013,650,2,28/10/2019,"20,000₪"
697,יקאסאוואק KLX250R ,ישומישוד,2017,250,1,28/10/2019,"22,000₪"
698,יקוזוס DRZ400S ,ישומישוד,2005,400,4,28/10/2019,"17,000₪"
699,ההאמי WR250F ,ישומישוד,2018,250,2,28/10/2019,"42,500₪"
700,ההאמי YZF-R125 ,שיבכ/טרופס,2016,125,1,28/10/2019,"16,500₪"
701,הדנוה CBR650F ,שיבכ/טרופס,2018,650,1,28/10/2019,"48,000₪"
702,מ.ט.ק EXC 250 ,ישומישוד,2016,250,1,28/10/2019,"34,200₪"
703,יקאסאוואק VN900 קיסאלק ,םוטסק,2009,900,1,28/10/2019,"30,000₪"
704,MV Agusta Turismo Veloce 800 ,שיבכ/טרופס,2016,800,1,28/10/2019,None
705,ההאמי YZF-R1 ,שיבכ/טרופס,2016,"1,000",1,28/10/2019,"127,000₪"
706,ההאמי YZF-R1 ,שיבכ/טרופס,2019,"1,000",2,28/10/2019,None
707,ההאמי YZ ,סורקוטומ,2019,70,1,28/10/2019,"20,000₪"
708,ההאמי MT 07 ,שיבכ/טרופס,2019,700,1,28/10/2019,"51,985₪"
709,יקאסאוואק רחא ,שיבכ/טרופס,2019,"1,200",1,28/10/2019,"139,900₪"
710,הדנוה CRF1000L הקירפא ןיווט ,ישומישוד,2018,"1,000",1,28/10/2019,"74,999₪"
711,הדנוה CRF1000L הקירפא ןיווט ,ישומישוד,2017,"1,000",1,28/10/2019,"70,000₪"
712,מ.ט.ק קויד 390 ,שיבכ/טרופס,2018,400,4,28/10/2019,"22,000₪"
713,יקאסאוואק KX ,ישומישוד,2016,250,3,28/10/2019,None
714,הדנוה CB500F ,שיבכ/טרופס,2015,500,1,28/10/2019,"24,000₪"
715,יקאסאוואק Z650 ,שיבכ/טרופס,2018,650,1,28/10/2019,"41,999₪"
716,ההאמי MT 07 ,שיבכ/טרופס,2019,700,0,28/10/2019,"56,985₪"
717,יקאסאוואק Z1000SX ,שיבכ/טרופס,2019,"1,000",0,28/10/2019,"84,985₪"
718,ההאמי YZ ,סורקוטומ,2018,250,1,28/10/2019,"26,000₪"
719,הדנוה CBR500R ,שיבכ/טרופס,2019,500,1,28/10/2019,"45,000₪"
720,ההאמי FZ6S רזייפ ,שיבכ/טרופס,2007,600,3,28/10/2019,"25,000₪"
721,HM CRE F125 BajaRR ,ישומישוד,2012,125,4,28/10/2019,"12,500₪"
722,מ.ט.ק רפוס ר'צנוודא 1290 ,ישומישוד,2016,"1,300",2,28/10/2019,"98,000₪"
723,יקוזוס SV650N ,שיבכ/טרופס,2018,650,3,28/10/2019,"34,900₪"
724,וקרש SE-F300 4T Factory ,סורקוטומ,2015,300,4,28/10/2019,"32,000₪"
725,יקוזוס DRZ400S ,ישומישוד,2009,400,9,28/10/2019,"19,000₪"
726,הילירפא רביש 750 GT ,שיבכ/טרופס,2016,750,1,28/10/2019,"29,000₪"
727,הדנוה CRF ,ישומישוד,2012,450,3,28/10/2019,"14,000₪"
728,מ.ט.ק EXC 250 ,ישומישוד,2017,250,2,28/10/2019,"46,000₪"
729,מ.ט.ק ר'צנוודא 1290S ,ישומישוד,2019,"1,300",1,28/10/2019,None
730,ילנב TNT125 ,שיבכ/טרופס,2018,125,2,28/10/2019,"9,000₪"
731,יטאקוד רלבמרקס ןוקייא ,םוטסק,2017,800,3,28/10/2019,"47,000₪"
732,ההאמי WR250F ,ישומישוד,2016,250,2,28/10/2019,None
733,יקאסאוואק Z900 ,שיבכ/טרופס,2019,900,1,28/10/2019,"58,000₪"
734,הדנוה CB500F ,שיבכ/טרופס,2018,500,2,28/10/2019,"35,000₪"
735,ההאמי MT 07 ,שיבכ/טרופס,2017,700,2,28/10/2019,"42,000₪"
736,הדנוה CBR500R ,שיבכ/טרופס,2018,500,1,28/10/2019,"40,000₪"
737,הנרווקסוה TE250 ,סורקוטומ,2019,250,1,28/10/2019,"49,000₪"
738,ההאמי MT-10 ,שיבכ/טרופס,2018,"1,000",2,28/10/2019,None
739,יקאסאוואק KLE500 ,ישומישוד,1999,500,5,28/10/2019,"11,000₪"
740,מ.ט.ק EXC 450 גניסייר ,ישומישוד,2018,450,1,28/10/2019,"47,000₪"
741,מ.ט.ק רפוס ר'צנוודא 1290 ,ישומישוד,2017,"1,200",2,28/10/2019,"88,000₪"
742,ההאמי MT 09 ,שיבכ/טרופס,2019,900,1,28/10/2019,None
743,מ.ט.ק קויד 690 ,שיבכ/טרופס,2019,650,1,28/10/2019,"56,500₪"
744,יקאסאוואק Z900 ,שיבכ/טרופס,2018,900,3,28/10/2019,None
745,גנאסוי GV250 הליקא ,םוטסק,2013,250,2,28/10/2019,"8,500₪"
746,יקאסאוואק ה'גנינ 400 ,שיבכ/טרופס,2019,400,0,28/10/2019,"42,985₪"
747,יקאסאוואק ZX-10R Ninja ,שיבכ/טרופס,2017,"1,000",3,28/10/2019,None
748,יקוזוס GSX-R1000 ,שיבכ/טרופס,2018,"1,000",2,28/10/2019,"98,000₪"
749,דנלבילק tha heist 250 ,םוטסק,2012,250,3,28/10/2019,"15,000₪"
750,יקאסאוואק רחא ,שיבכ/טרופס,2019,900,1,28/10/2019,None
751,יקאסאוואק W800 ,םוטסק,2016,800,2,28/10/2019,"26,999₪"
752,יקאסאוואק Versys-X 300 ,ישומישוד,2019,300,0,28/10/2019,"30,985₪"
753,יקאסאוואק ה'גנינ 250R ,שיבכ/טרופס,2016,250,3,28/10/2019,"15,000₪"
754,יקוזוס DRZ400S ,ישומישוד,2016,400,1,28/10/2019,"26,000₪"
755,יקוזוס DL1000 םורטס-יו ,ישומישוד,2016,"1,000",2,28/10/2019,"51,000₪"
756,מ.ט.ק קויד-רפוס 1290GT ,שיבכ/טרופס,2017,"1,250",2,28/10/2019,None
757,ההאמי BT1100 גודלוב ,שיבכ/טרופס,2002,"1,100",2,28/10/2019,"30,000₪"
758,ההאמי MT 09 TRACER ,שיבכ/טרופס,2018,900,1,28/10/2019,"59,900₪"
759,MV Agusta Sterabale 800 ,שיבכ/טרופס,2016,800,1,28/10/2019,None
760,יקוזוס RV125 ןאו-ןאו ,ישומישוד,2011,125,5,28/10/2019,"11,000₪"
761,הדנוה CBR250R ,שיבכ/טרופס,2013,250,2,28/10/2019,"10,500₪"
762,דנלבילק tha heist 125 ,םוטסק,2013,125,3,28/10/2019,"11,000₪"
763,הדנוה CB650F ,שיבכ/טרופס,2018,650,1,28/10/2019,"48,000₪"
764,מ.ט.ק EXC 500 ,ישומישוד,2017,500,3,28/10/2019,"47,000₪"
765,מ.ט.ק RC390 ,שיבכ/טרופס,2017,400,1,28/10/2019,"20,000₪"
766,ההאמי WR250R ,ישומישוד,2017,250,2,28/10/2019,"26,500₪"
767,הדנוה CRF ,סורקוטומ,2014,450,2,28/10/2019,"20,000₪"
768,ילרה ןוסדיוויד לייטפוס יוב-טאפ 1340 ,םוטסק,1997,"1,350",2,28/10/2019,"112,000₪"
769,יקאסאוואק NINJA 650 ,שיבכ/טרופס,2018,650,1,28/10/2019,"40,000₪"
770,הדנוה CBR600 F5/FS/I ,שיבכ/טרופס,2006,600,4,28/10/2019,"19,500₪"
771,גנאסוי GT650R טמוק ,שיבכ/טרופס,2017,650,2,28/10/2019,"25,000₪"
772,ןאס גנאי ףלוו SB250Ni ,שיבכ/טרופס,2013,250,3,28/10/2019,"7,000₪"
773,הנרווקסוה TE300 ,ישומישוד,2017,300,2,28/10/2019,"40,000₪"
774,ילרה ןוסדיוויד רטסטרופס 883 ,שיבכ/טרופס,2015,880,1,28/10/2019,"58,000₪"
775,יקאסאוואק ER-6F ,שיבכ/טרופס,2015,650,2,28/10/2019,"19,900₪"
776,"וו.מ.ב R1200GS ר""צנוודא ",ישומישוד,2007,"1,200",4,28/10/2019,"38,000₪"
777,יקוזוס המוזניא 250 ,שיבכ/טרופס,2014,250,4,28/10/2019,"9,999₪"
778,ההאמי MT 09 ,שיבכ/טרופס,2015,850,2,28/10/2019,"38,000₪"
779,הדנוה CBR500R ,שיבכ/טרופס,2017,500,2,28/10/2019,"31,000₪"
780,מ.ט.ק Free-Ride 250R ,ישומישוד,2016,250,3,28/10/2019,"33,000₪"
781,יטאקוד רטסנומ 797 ,שיבכ/טרופס,2018,800,1,28/10/2019,"47,000₪"
782,הנרווקסוה TE250 ,ישומישוד,2010,250,4,28/10/2019,"12,000₪"
783,ילרה ןוסדיוויד רטסטרופס 883 ,םוטסק,2016,900,1,28/10/2019,None
784,ילרה ןוסדיוויד רחא ,םוטסק,2018,"1,200",1,28/10/2019,"106,850₪"
785,הדנוה NC750X ,ישומישוד,2014,750,3,28/10/2019,"28,000₪"
786,יקאסאוואק רחא ,שיבכ/טרופס,2019,"1,000",2,28/10/2019,"118,000₪"
787,יקוזוס DL1000 םורטס-יו ,ישומישוד,2005,"1,000",10+,28/10/2019,"11,999₪"
788,ילרה ןוסדיוויד רחא ,םוטסק,2015,"1,800",1,28/10/2019,"155,000₪"
789,ילרה ןוסדיוויד רחא ,םוטסק,2008,"1,800",2,28/10/2019,"125,000₪"
790,ילרה ןוסדיוויד רטסטרופס 883 ,םוטסק,2017,900,1,28/10/2019,None
791,מ.ט.ק EXC 300 ,ישומישוד,2017,300,1,28/10/2019,"49,800₪"
792,הדנוה CRF1000L הקירפא ןיווט ,ישומישוד,2017,"1,000",2,28/10/2019,"72,000₪"
793,ילרה ןוסדיוויד רטסטרופס 1200C ,םוטסק,2015,"1,200",2,28/10/2019,"85,000₪"
794,ילרה ןוסדיוויד הנייד טירטס בוב 1585 ,םוטסק,2016,"1,500",1,28/10/2019,"135,000₪"
795,ילרה ןוסדיוויד רחא ,םוטסק,2016,"1,800",1,28/10/2019,"295,000₪"
796,ילרה ןוסדיוויד רחא ,םוטסק,2016,"1,800",1,28/10/2019,"220,000₪"
797,הדנוה VT1300CX ירויפ ,םוטסק,2019,"1,300",1,28/10/2019,None
798,יקאסאוואק Versys 1000 ,שיבכ/טרופס,2016,"1,000",1,28/10/2019,None
799,יאוויק טיילרפוס 125 ,םוטסק,2017,125,1,28/10/2019,"8,500₪"
800,הדנוה CBR500R ,שיבכ/טרופס,2017,500,2,28/10/2019,"31,000₪"
801,יקאסאוואק NINJA 650 ,שיבכ/טרופס,2017,650,2,28/10/2019,"30,000₪"
802,ההאמי MT 07 ,שיבכ/טרופס,2019,700,1,28/10/2019,"48,000₪"
803,הדנוה CBR300R ,שיבכ/טרופס,2015,300,3,28/10/2019,"17,000₪"
804,ההאמי YZ ,סורקוטומ,2019,125,1,28/10/2019,None
805,מ.ט.ק 250 EXC-F ,ישומישוד,2008,250,5,28/10/2019,"15,000₪"
806,וקרש SE-F 300 4T Racing ,ישומישוד,2016,300,1,28/10/2019,"33,000₪"
807,מ.ט.ק SX 350 ,סורקוטומ,2018,350,1,28/10/2019,"31,000₪"
808,יקוזוס דניווירפ XF650 ,ישומישוד,1997,650,5,28/10/2019,"12,000₪"
809,וו.מ.ב F650GS ,ישומישוד,2011,650,1,28/10/2019,"16,500₪"
810,ההאמי רחא ,שיבכ/טרופס,1984,750,2,28/10/2019,None
811,ההאמי MT 09 ,שיבכ/טרופס,2016,900,2,28/10/2019,"36,000₪"
812,יקאסאוואק Z650 ,שיבכ/טרופס,2017,650,2,28/10/2019,"26,000₪"
813,מ.ט.ק ורודנא 690R ,ישומישוד,2014,700,2,28/10/2019,"33,000₪"
814,ההאמי MT 07 ,שיבכ/טרופס,2019,700,1,28/10/2019,"52,000₪"
815,הילירפא RSV4R ,שיבכ/טרופס,2013,"1,100",5,28/10/2019,"61,000₪"
816,ילנב TNT250 ,ישומישוד,2017,250,3,28/10/2019,"10,900₪"
817,מ.ט.ק EXC 125 ,ישומישוד,2016,125,3,28/10/2019,"26,500₪"
818,הילירפא רביש 750 GT ,שיבכ/טרופס,2016,750,1,28/10/2019,"28,000₪"
819,יקאסאוואק KX ,סורקוטומ,2017,450,1,28/10/2019,"23,000₪"
820,הדנוה CRF1000L הקירפא ןיווט ,ישומישוד,2017,"1,000",2,28/10/2019,"72,000₪"
821,ילרה ןוסדיוויד רטסטרופס 1200C ,םוטסק,2015,"1,200",2,28/10/2019,"85,000₪"
822,ילרה ןוסדיוויד הנייד טירטס בוב 1585 ,םוטסק,2016,"1,500",1,28/10/2019,"135,000₪"
823,ילרה ןוסדיוויד רחא ,םוטסק,2016,"1,800",1,28/10/2019,"295,000₪"
824,ילרה ןוסדיוויד רחא ,םוטסק,2016,"1,800",1,28/10/2019,"220,000₪"
825,הדנוה VT1300CX ירויפ ,םוטסק,2019,"1,300",1,28/10/2019,None
826,יקאסאוואק Versys 1000 ,שיבכ/טרופס,2016,"1,000",1,28/10/2019,None
827,יאוויק טיילרפוס 125 ,םוטסק,2017,125,1,28/10/2019,"8,500₪"
828,מ.ט.ק קויד 790 ,שיבכ/טרופס,2018,800,1,28/10/2019,"53,999₪"
829,ההאמי MT 09 ,שיבכ/טרופס,2017,900,4,28/10/2019,"45,000₪"
830,ילרה ןוסדיוויד רחא ,םוטסק,2015,"1,800",1,28/10/2019,"150,000₪"
831,ילרה ןוסדיוויד לייטפוס סקולד 1585 ,םוטסק,2016,"1,800",1,28/10/2019,"165,000₪"
832,ילרה ןוסדיוויד רטסטרופס 883 ,םוטסק,2017,900,1,28/10/2019,None
833,ילרה ןוסדיוויד לייטפוס סויד 1340 ,םוטסק,2013,800,1,28/10/2019,None
834,יקוזוס DL650 םורטס-יו ,ישומישוד,2011,650,3,28/10/2019,"27,500₪"
835,יקאסאוואק KX65 ,סורקוטומ,2018,70,1,28/10/2019,"12,500₪"
836,מ.ט.ק EXC 250 ,ישומישוד,2017,250,2,28/10/2019,"43,000₪"
837,גנאסוי GV250 הליקא ,םוטסק,2014,250,3,28/10/2019,"13,200₪"
838,ילרה ןוסדיוויד רטסטרופס 1200C ,םוטסק,2016,"1,200",1,28/10/2019,"98,000₪"
839,ילרה ןוסדיוויד רטסטרופס 1200C ,םוטסק,2011,"1,200",2,28/10/2019,"72,000₪"
840,יקוזוס TU250 ,םוטסק,1997,250,2,28/10/2019,"13,900₪"
841,ההאמי MT 07 ,ישומישוד,2014,700,3,28/10/2019,None
842,הדנוה CBR125W ,שיבכ/טרופס,2011,125,4,28/10/2019,"3,500₪"
843,יקאסאוואק ZX-12R ,שיבכ/טרופס,2000,"1,200",5,28/10/2019,"35,000₪"
844,ההאמי MT-01 ,שיבכ/טרופס,2017,125,4,28/10/2019,"16,000₪"
845,מ.ט.ק ורודנא 690R ,ישומישוד,2013,700,3,28/10/2019,"28,000₪"
846,הדנוה CBR500R ,שיבכ/טרופס,2017,500,1,28/10/2019,"31,000₪"
847,וו.מ.ב F650GS ,ישומישוד,2002,650,7,28/10/2019,None
848,ההאמי YZF-R125 ,שיבכ/טרופס,2018,125,1,28/10/2019,"20,000₪"
849,ההאמי YZF-R3 ,שיבכ/טרופס,2019,300,1,28/10/2019,"32,000₪"
850,ו'גיפ GMAX 250 ,שיבכ/טרופס,2015,250,3,28/10/2019,"7,800₪"
851,יקוזוס SV650S ,שיבכ/טרופס,2008,650,4,27/10/2019,"12,000₪"
852,הדנוה CBR500R ,שיבכ/טרופס,2018,500,1,27/10/2019,"38,000₪"
853,ההאמי YZ ,סורקוטומ,2017,450,2,27/10/2019,"26,000₪"
854,הנרווקסוה TE125 ,ישומישוד,2015,125,5,27/10/2019,"28,000₪"
855,מ.ט.ק קויד-רפוס 1290R ,שיבכ/טרופס,2016,"1,300",3,27/10/2019,"80,000₪"
856,יקאסאוואק NINJA 650 ,שיבכ/טרופס,2018,650,2,27/10/2019,"37,000₪"
857,יקאסאוואק KLE500 ,ישומישוד,1999,500,6,27/10/2019,"9,000₪"
858,ההאמי וגאריו 500 ,םוטסק,1999,500,7,27/10/2019,None
859,יקאסאוואק KX ,סורקוטומ,2019,450,1,27/10/2019,"33,000₪"
860,ילרה ןוסדיוויד רחא ,םוטסק,2015,"1,800",1,28/10/2019,"155,000₪"
861,ילרה ןוסדיוויד רחא ,םוטסק,2015,"1,800",1,28/10/2019,"210,000₪"
862,ילרה ןוסדיוויד רחא ,םוטסק,2017,700,1,28/10/2019,None
863,הדנוה MSX125 ,שיבכ/טרופס,2018,125,1,28/10/2019,"14,500₪"
864,יאוויק RKS 125 ,שיבכ/טרופס,2019,125,0,28/10/2019,"9,900₪"
865,ילרה ןוסדיוויד רטסטרופס 1200C ,םוטסק,2015,"1,200",1,28/10/2019,"85,000₪"
866,ילרה ןוסדיוויד רטסטרופס 883 ,םוטסק,2015,880,2,28/10/2019,"67,000₪"
867,ילרה ןוסדיוויד רחא ,םוטסק,2015,"1,800",1,28/10/2019,"185,000₪"
868,ההאמי XT660Z הרנט ,ישומישוד,2008,650,3,28/10/2019,"15,000₪"
869,ילרה ןוסדיוויד רחא ,םוטסק,2015,"1,200",3,28/10/2019,"105,000₪"
870,ילרה ןוסדיוויד רחא ,םוטסק,2016,"1,800",1,28/10/2019,"175,000₪"
871,הדנוה GL1800 גניוו-דלוג ,םוטסק,1982,"1,100",1,28/10/2019,None
872,יקאסאוואק Z125 ,שיבכ/טרופס,2019,125,0,28/10/2019,"19,985₪"
873,מ.ט.ק RC200 ,שיבכ/טרופס,2017,400,1,28/10/2019,"15,000₪"
874,מ.ט.ק EXC-F 350 ,ישומישוד,2018,350,2,28/10/2019,"51,000₪"
875,יקאסאוואק NINJA 650 ,שיבכ/טרופס,2019,650,1,28/10/2019,None
876,הדנוה CBR500R ,שיבכ/טרופס,2013,500,7,28/10/2019,"17,500₪"
877,ילרה ןוסדיוויד רטסטרופס 883C ,םוטסק,2004,880,4,28/10/2019,"48,000₪"
878,יאוויק RKS 125 ,שיבכ/טרופס,2019,125,1,28/10/2019,"10,900₪"
879,ינימ קייב יללכ ,סורקוטומ,2016,300,2,28/10/2019,"16,500₪"
880,יקאסאוואק KX ,סורקוטומ,2019,450,1,27/10/2019,"33,000₪"
881,מ.ט.ק RC390 ,שיבכ/טרופס,2016,400,3,27/10/2019,"20,000₪"
882,םילאיד Roadwin 125 ,שיבכ/טרופס,2018,125,1,27/10/2019,"12,000₪"
883,ההאמי YZ ,סורקוטומ,2017,125,2,27/10/2019,"22,000₪"
884,וו.מ.ב F-750GS ,ישומישוד,2019,850,1,27/10/2019,"69,999₪"
885,יקאסאוואק KX ,סורקוטומ,2017,100,2,27/10/2019,"14,000₪"
886,מ.ט.ק קויד 125 ,שיבכ/טרופס,2019,125,1,27/10/2019,"20,000₪"
887,וו.מ.ב F650GS ,ישומישוד,2001,650,10+,27/10/2019,None
888,מ.ט.ק Freeride 350 ,ישומישוד,2013,350,5,27/10/2019,"25,500₪"
889,ינימ קייב יללכ ,סורקוטומ,2016,150,1,27/10/2019,"11,000₪"
890,יקאסאוואק רחא ,שיבכ/טרופס,2016,"1,000",1,27/10/2019,"130,000₪"
891,יקוזוס DL650 םורטס-יו ,ישומישוד,2016,650,3,27/10/2019,"44,000₪"
892,הדנוה CBR500R ,שיבכ/טרופס,2015,500,2,27/10/2019,"27,000₪"
893,ההאמי WR400/426/450F ,סורקוטומ,2007,450,1,27/10/2019,None
894,סאג-סאג EC125 ,סורקוטומ,2014,125,3,27/10/2019,"15,000₪"
895,SWM GRAN MILANO 440 ,שיבכ/טרופס,2017,450,2,27/10/2019,"22,000₪"
896,מ.ט.ק קויד 390 ,שיבכ/טרופס,2016,400,6,27/10/2019,"14,000₪"
897,מ.ט.ק EXC 250 ,ישומישוד,2014,250,2,27/10/2019,"30,000₪"
898,יקאסאוואק Z1000SX ,שיבכ/טרופס,2011,"1,000",4,27/10/2019,"41,000₪"
899,"וו.מ.ב R1200GS ר""צנוודא ",ישומישוד,2008,"1,200",3,27/10/2019,"34,000₪"
900,יקאסאוואק Z125 ,שיבכ/טרופס,2019,125,0,28/10/2019,"19,985₪"
901,מ.ט.ק RC200 ,שיבכ/טרופס,2017,400,1,28/10/2019,"15,000₪"
902,מ.ט.ק EXC-F 350 ,ישומישוד,2018,350,2,28/10/2019,"51,000₪"
903,יקאסאוואק NINJA 650 ,שיבכ/טרופס,2019,650,1,28/10/2019,None
904,הדנוה CBR500R ,שיבכ/טרופס,2013,500,7,28/10/2019,"17,500₪"
905,ילרה ןוסדיוויד רטסטרופס 883C ,םוטסק,2004,880,4,28/10/2019,"48,000₪"
906,יאוויק RKS 125 ,שיבכ/טרופס,2019,125,1,28/10/2019,"10,900₪"
907,ינימ קייב יללכ ,סורקוטומ,2016,300,2,28/10/2019,"16,500₪"
908,יקוזוס SFV650 סוידלג ,שיבכ/טרופס,2010,650,1,28/10/2019,None
909,מ.ט.ק קויד 690 ,ישומישוד,2018,700,1,28/10/2019,None
910,הדנוה VFR1200F ,שיבכ/טרופס,2011,"1,200",2,28/10/2019,"44,000₪"
911,ילרה ןוסדיוויד רחא ,םוטסק,2017,"1,200",1,28/10/2019,None
912,יטאקוד לבאיד ,םוטסק,2015,"1,200",1,28/10/2019,"88,000₪"
913,ילרה ןוסדיוויד גניק-דאור 1585 ,םוטסק,2018,"1,800",1,28/10/2019,"195,000₪"
914,ילרה ןוסדיוויד רטסטרופס 1200C ,םוטסק,2016,"1,200",1,28/10/2019,"95,000₪"
915,ילרה ןוסדיוויד רחא ,םוטסק,2015,"1,800",1,28/10/2019,"165,000₪"
916,ילרה ןוסדיוויד רחא ,םוטסק,2013,"1,800",2,28/10/2019,"165,000₪"
917,ילרה ןוסדיוויד רחא ,םוטסק,2015,"1,800",1,28/10/2019,"190,000₪"
918,ילרה ןוסדיוויד לייטפוס טרדנטס 1450 ,םוטסק,2017,"1,800",1,28/10/2019,None
919,הילירפא רביש 900 ,שיבכ/טרופס,2018,900,2,28/10/2019,"44,000₪"
920,ילנב TNT250 ,שיבכ/טרופס,2018,250,2,27/10/2019,"14,500₪"
921,יקאסאוואק ה'גנינ 125 ,שיבכ/טרופס,2019,125,2,27/10/2019,"16,000₪"
922,מ.ט.ק קויד 390 ,ישומישוד,2016,400,1,27/10/2019,"15,999₪"
923,יאוויק RKS 125 ,שיבכ/טרופס,2019,125,0,27/10/2019,"8,000₪"
924,ההאמי WR400/426/450F ,ישומישוד,2017,450,2,27/10/2019,"39,000₪"
925,אטב RR350 ,סורקוטומ,2017,350,1,27/10/2019,"37,000₪"
926,ילנב LEONCINO500 ,םוטסק,2019,500,1,27/10/2019,"34,900₪"
927,ינימ קייב יללכ ,סורקוטומ,2019,125,1,27/10/2019,"7,000₪"
928,ההאמי WR125R ,ישומישוד,2009,125,3,27/10/2019,"6,900₪"
929,הילירפא RX125 ,ישומישוד,2011,125,10+,27/10/2019,"10,000₪"
930,יאוויק RKS 125 ,שיבכ/טרופס,2019,125,1,27/10/2019,"8,000₪"
931,הדנוה CBR125R ,שיבכ/טרופס,2016,125,3,27/10/2019,"11,000₪"
932,סאג-סאג EC250F ,סורקוטומ,2012,250,4,27/10/2019,None
933,מ.ט.ק 250 EXC-F ,ישומישוד,2012,250,5,27/10/2019,"22,500₪"
934,יקאסאוואק VN900 קיסאלק ,םוטסק,2006,900,6,27/10/2019,"25,500₪"
935,הדנוה ורדאראו 1000 ,ישומישוד,2012,"1,000",5,27/10/2019,"28,002₪"
936,ההאמי YZ ,סורקוטומ,2017,125,1,27/10/2019,"22,000₪"
937,וו.מ.ב R1200GS ,ישומישוד,2010,"1,200",2,27/10/2019,"49,000₪"
938,יקאסאוואק KX ,סורקוטומ,2016,250,2,27/10/2019,"18,500₪"
939,יקוזוס DL650 םורטס-יו ,ישומישוד,2009,650,3,27/10/2019,"20,000₪"
940,ילרה ןוסדיוויד לייטפוס טרדנטס 1450 ,םוטסק,2017,"1,800",1,28/10/2019,None
941,הילירפא רביש 900 ,שיבכ/טרופס,2018,900,2,28/10/2019,"44,000₪"
942,ילרה ןוסדיוויד רטסטרופס 1200C ,םוטסק,2014,"1,200",1,28/10/2019,"79,000₪"
943,ילרה ןוסדיוויד רטסטרופס 1200C ,םוטסק,2016,"1,200",1,28/10/2019,"99,000₪"
944,ילרה ןוסדיוויד רחא ,םוטסק,2016,"1,800",1,28/10/2019,"160,000₪"
945,ילרה ןוסדיוויד רטסטרופס 1200C ,םוטסק,2016,"1,200",2,28/10/2019,"95,000₪"
946,ילרה ןוסדיוויד רטסטרופס 1200C ,םוטסק,2015,"1,200",1,28/10/2019,"72,000₪"
947,ילרה ןוסדיוויד הנייד טאפ בוב 1585 ,םוטסק,2016,"1,800",1,28/10/2019,None
948,ילרה ןוסדיוויד רחא ,םוטסק,2011,"1,500",2,28/10/2019,"150,000₪"
949,ילרה ןוסדיוויד רחא ,םוטסק,2017,"1,800",1,28/10/2019,None
950,ילרה ןוסדיוויד רטסטרופס 883 ,םוטסק,2016,880,1,28/10/2019,"89,000₪"
951,ילרה ןוסדיוויד רחא ,םוטסק,2015,"1,800",1,28/10/2019,"155,000₪"
952,ילנב TNT300 ,שיבכ/טרופס,2018,300,1,28/10/2019,"29,900₪"
953,ילרה ןוסדיוויד גניק-דאור 1585 ,םוטסק,2017,"1,800",1,28/10/2019,None
954,ילרה ןוסדיוויד רחא ,םוטסק,2016,"1,800",1,28/10/2019,"286,000₪"
955,ילרה ןוסדיוויד רחא ,םוטסק,2014,"1,800",1,28/10/2019,"195,000₪"
956,ילרה ןוסדיוויד הנייד רדייר-וול 1585 ,םוטסק,2017,"1,800",1,28/10/2019,None
957,ילרה ןוסדיוויד רטסטרופס 1200C ,םוטסק,1996,"1,200",3,28/10/2019,"55,000₪"
958,ילרה ןוסדיוויד רחא ,םוטסק,2016,"1,800",1,28/10/2019,"155,000₪"
959,ילרה ןוסדיוויד רטסטרופס 1200C ,םוטסק,2017,"1,200",2,28/10/2019,"99,000₪"
960,מ.ט.ק קויד 390 ,ישומישוד,2017,400,3,27/10/2019,"19,000₪"
961,מ.ט.ק קויד 390 ,שיבכ/טרופס,2019,400,1,27/10/2019,"27,000₪"
962,יקוזוס GSX-R1000 ,שיבכ/טרופס,2014,"1,000",2,27/10/2019,"81,000₪"
963,מ.ט.ק EXC 250 ,ישומישוד,2014,250,3,27/10/2019,"26,500₪"
964,ההאמי WR250F ,ישומישוד,2011,250,5,27/10/2019,"22,000₪"
965,הדנוה CB500X ,ישומישוד,2016,500,2,27/10/2019,"30,000₪"
966,מ.ט.ק קויד-רפוס 1290 ,שיבכ/טרופס,2016,"1,300",2,27/10/2019,None
967,גנאסוי GV250 הליקא ,םוטסק,2015,250,2,27/10/2019,None
968,הדנוה CB500F ,שיבכ/טרופס,2016,500,4,27/10/2019,"25,500₪"
969,יקאסאוואק Z900 ,שיבכ/טרופס,2017,900,2,27/10/2019,"45,000₪"
970,הדנוה CBR250R ,םוטסק,2013,250,3,27/10/2019,"13,500₪"
971,ההאמי WR250F ,סורקוטומ,2014,250,3,27/10/2019,None
972,יקוזוס םורטס-יו 250 ,ישומישוד,2019,250,1,27/10/2019,"26,000₪"
973,מ.ט.ק ורודנא 690R ,ישומישוד,2012,700,3,27/10/2019,"25,000₪"
974,יקוזוס GSF1200 טידנב ,שיבכ/טרופס,2001,"1,200",10+,27/10/2019,"15,000₪"
975,ההאמי YZF-R125 ,שיבכ/טרופס,2019,125,2,27/10/2019,"23,000₪"
976,ההאמי FZ1 רזייפ ,שיבכ/טרופס,2010,"1,000",5,27/10/2019,"35,000₪"
977,יקאסאוואק Z900 ,שיבכ/טרופס,2019,900,1,27/10/2019,"57,000₪"
978,הנרווקסוה TE250 ,ישומישוד,2011,250,5,27/10/2019,"10,500₪"
979,הדנוה ורדאראו 1000 ,ישומישוד,2005,"1,000",6,27/10/2019,"18,500₪"
980,וקרש SE-F300i Factory ,ישומישוד,2018,300,1,28/10/2019,"60,000₪"
981,ילנב TNT125 ,שיבכ/טרופס,2018,125,2,28/10/2019,"10,900₪"
982,ילרה ןוסדיוויד הרטקלא דיילג 1340 ,םוטסק,2016,"1,500",1,28/10/2019,None
983,ילרה ןוסדיוויד רטסטרופס 883C ,םוטסק,2015,880,2,28/10/2019,None
984,ילרה ןוסדיוויד הנייד רדייר-וול 1585 ,םוטסק,2017,"1,800",1,28/10/2019,None
985,ילרה ןוסדיוויד רטסטרופס 883 ,םוטסק,2016,900,1,28/10/2019,None
986,יאוויק טיילרפוס 125 ,םוטסק,2019,125,1,28/10/2019,"12,900₪"
987,ילרה ןוסדיוויד רחא ,םוטסק,2016,"1,800",1,28/10/2019,"320,000₪"
988,ילרה ןוסדיוויד רחא ,םוטסק,2010,"1,800",1,28/10/2019,"195,000₪"
989,ילרה ןוסדיוויד רחא ,םוטסק,2017,"1,800",1,28/10/2019,None
990,ילרה ןוסדיוויד רטסטרופס 1200C ,םוטסק,2011,"1,200",2,28/10/2019,"73,000₪"
991,ילרה ןוסדיוויד רחא ,םוטסק,2015,"1,800",1,28/10/2019,"145,000₪"
992,ילרה ןוסדיוויד רחא ,םוטסק,2007,"1,800",2,28/10/2019,"210,000₪"
993,ילרה ןוסדיוויד רטסטרופס 1200C ,םוטסק,2015,"1,200",2,28/10/2019,"75,000₪"
994,ילרה ןוסדיוויד הנייד רדייר-וול 1585 ,םוטסק,2015,"1,800",1,28/10/2019,"125,000₪"
995,ילנב TNT250 ,שיבכ/טרופס,2016,250,1,28/10/2019,"12,000₪"
996,ילרה ןוסדיוויד רטסטרופס 1200C ,םוטסק,2015,"1,200",2,28/10/2019,"85,000₪"
997,ילרה ןוסדיוויד רטסטרופס 1200C ,םוטסק,1995,"1,200",1,28/10/2019,"49,000₪"
998,ילרה ןוסדיוויד רחא ,םוטסק,2016,"1,800",1,28/10/2019,"165,000₪"
999,ילרה ןוסדיוויד רחא ,םוטסק,2016,"1,200",1,28/10/2019,None
1000,ההאמי XT1200Z רפוס הרנט ,ישומישוד,2010,"1,200",3,27/10/2019,"35,000₪"
1001,ילרה ןוסדיוויד רחא ,םוטסק,1980,"1,200",1,27/10/2019,"49,000₪"
1002,יקאסאוואק ER-6F ,שיבכ/טרופס,2016,650,2,27/10/2019,"25,000₪"
1003,יאוויק טיילרפוס 125 ,םוטסק,2018,125,1,27/10/2019,"8,000₪"
1004,יקאסאוואק ER-5 ,שיבכ/טרופס,2005,500,9,27/10/2019,"10,000₪"
1005,ההאמי MT 09 ,שיבכ/טרופס,2018,900,1,27/10/2019,"62,000₪"
1006,הדנוה VT750C ודאש ,םוטסק,2010,750,1,27/10/2019,"43,000₪"
1007,יקאסאוואק KLX250R ,ישומישוד,1995,250,6,27/10/2019,"7,000₪"
1008,הדנוה CBR300R ,שיבכ/טרופס,2015,300,3,27/10/2019,"13,500₪"
1009,ההאמי MT 09 ,שיבכ/טרופס,2017,900,3,27/10/2019,None
1010,יקוזוס DL650 םורטס-יו ,ישומישוד,2010,650,2,27/10/2019,"19,000₪"
1011,-וריז םיעונפוא םיילמשח DS ,ישומישוד,2016,750,1,27/10/2019,"41,000₪"
1012,יקאסאוואק Versys 650 ,שיבכ/טרופס,2009,650,3,27/10/2019,"13,000₪"
1013,מ.ט.ק קויד 390 ,שיבכ/טרופס,2018,400,3,27/10/2019,"27,500₪"
1014,יקאסאוואק KLE500 ,ישומישוד,2005,500,8,27/10/2019,"14,500₪"
1015,יטאקוד דראטומרפיה 821 ,שיבכ/טרופס,2013,850,3,27/10/2019,"43,000₪"
1016,HM CRE F125 BajaRR ,ישומישוד,2013,125,3,27/10/2019,"13,000₪"
1017,ןאידניא Scout Bobber ,םוטסק,2018,"1,200",1,27/10/2019,None
1018,מ.ט.ק EXC 250 ,ישומישוד,2017,250,2,27/10/2019,"40,000₪"
1019,מ.ט.ק קויד 390 ,ישומישוד,2016,400,2,27/10/2019,"16,400₪"
1020,ילרה ןוסדיוויד רטסטרופס 1200C ,םוטסק,2010,"1,200",2,28/10/2019,"65,000₪"
1021,ילרה ןוסדיוויד רחא ,םוטסק,2016,"1,800",1,28/10/2019,"175,000₪"
1022,ילרה ןוסדיוויד הרטקלא דיילג 1340 ,םוטסק,1996,"1,350",2,28/10/2019,"98,000₪"
1023,יאוויק RKS 125 ,שיבכ/טרופס,2019,125,0,28/10/2019,"10,900₪"
1024,ילרה ןוסדיוויד רטסטרופס 883 ,םוטסק,2015,880,2,28/10/2019,"69,000₪"
1025,ילרה ןוסדיוויד רחא ,םוטסק,2017,"1,800",1,28/10/2019,None
1026,ילרה ןוסדיוויד XR1200R ,םוטסק,2017,880,1,28/10/2019,None
1027,ילנב TNT125 ,שיבכ/טרופס,2019,125,1,28/10/2019,"13,900₪"
1028,יטאקוד הדרטסיטלומ 1200 ,ישומישוד,2016,"1,200",2,28/10/2019,None
1029,ילרה ןוסדיוויד הנייד רדייר-וול 1585 ,םוטסק,2015,"1,800",1,28/10/2019,"120,000₪"
1030,ילרה ןוסדיוויד רחא ,םוטסק,2016,"1,800",1,28/10/2019,"295,000₪"
1031,ילרה ןוסדיוויד גניק-דאור 1585 ,םוטסק,2010,"1,500",2,28/10/2019,"195,000₪"
1032,ילרה ןוסדיוויד רטסטרופס 1200C ,םוטסק,2016,"1,200",2,28/10/2019,"93,000₪"
1033,ילרה ןוסדיוויד רטסטרופס 1200C ,םוטסק,2015,"1,200",1,28/10/2019,"85,000₪"
1034,ילרה ןוסדיוויד רחא ,םוטסק,2016,"1,800",1,28/10/2019,"160,000₪"
1035,ילרה ןוסדיוויד רחא ,םוטסק,2016,"1,800",1,28/10/2019,None
1036,יקאסאוואק KLE500 ,ישומישוד,2007,500,3,28/10/2019,"12,500₪"
1037,ילרה ןוסדיוויד רחא ,םוטסק,2016,"1,800",1,28/10/2019,"165,000₪"
1038,ילרה ןוסדיוויד רחא ,םוטסק,2016,"1,800",1,28/10/2019,"220,000₪"
1039,ילרה ןוסדיוויד V-Rod 1130 ,שיבכ/טרופס,2016,"1,250",1,28/10/2019,None
